{
    "MlibObjs": {},
    "LVLData": [
        "SIM"
    ],
    "cycles_program_begin": 9457283365166068,
    "perf": [
        [
            0.1472320556640625,
            0.038589999999999999,
            0.035622000000000001,
            228520,
            229136,
            1583119431.2457759,
            9457283674660485,
            "doParsingAndDesignResolution",
            "entry"
        ],
        [
            0.16265702247619629,
            0.050015999999999998,
            0.039011999999999998,
            229756,
            230404,
            1583119431.2612009,
            9457283711605008,
            "doParsingAndDesignResolution",
            "exit"
        ],
        [
            0.16273117065429688,
            0.050057999999999998,
            0.039045000000000003,
            229756,
            230404,
            1583119431.2612751,
            9457283711748336,
            "doPostDesignResolutionToVir2Vcs",
            "entry"
        ],
        [
            0.18420314788818359,
            0.060921999999999997,
            0.042424999999999997,
            235004,
            235008,
            1583119431.282747,
            9457283763251856,
            "doUptoVir2VcsNoSepCleanup",
            "entry"
        ],
        [
            0.24640417098999023,
            0.104252,
            0.051123000000000002,
            244432,
            244452,
            1583119431.3449481,
            9457283912387958,
            "doUptoVir2VcsNoSepCleanup",
            "exit"
        ],
        [
            0.24650001525878906,
            0.10431699999999999,
            0.051154999999999999,
            244432,
            244452,
            1583119431.3450439,
            9457283912575641,
            "doRadify_vir2vcsAll",
            "entry"
        ],
        [
            0.25549101829528809,
            0.110293,
            0.052137999999999997,
            244432,
            244452,
            1583119431.3540349,
            9457283934164418,
            "doRadify_vir2vcsAll",
            "exit"
        ],
        [
            0.25555515289306641,
            0.11033800000000001,
            0.052159999999999998,
            244432,
            244452,
            1583119431.354099,
            9457283934279069,
            "doPostDesignResolutionToVir2Vcs",
            "exit"
        ],
        [
            0.25560116767883301,
            0.11037,
            0.052173999999999998,
            244432,
            244452,
            1583119431.3541451,
            9457283934407499,
            "doGAToPass2",
            "entry"
        ],
        [
            0.30558919906616211,
            0.11301,
            0.055995000000000003,
            242876,
            244452,
            1583119431.4041331,
            9457284054308454,
            "DoPass2",
            "entry"
        ],
        [
            0.38445210456848145,
            0.15679799999999999,
            0.069688,
            244844,
            244868,
            1583119431.482996,
            9457284243311436,
            "DoPass2",
            "exit"
        ]
    ],
    "CurCompileModules": [
        "...MASTER...",
        "_vcs_unit__773399399",
        "std",
        "RS_Line_0000",
        "RS_0000",
        "testbench",
        "testbench"
    ],
    "PrevCompiledModules": {
        "std": {
            "reYIK_d": {
                "bytes": 32908,
                "checksum": 0,
                "mod": "std",
                "mode": 4,
                "archive": "archive.9/_prev_archive_1.a",
                "out": "reYIK_d.o"
            }
        },
        "_vcs_unit__773399399": {
            "tpLuY_d": {
                "bytes": 22716,
                "checksum": 0,
                "mod": "_vcs_unit__773399399",
                "mode": 4,
                "archive": "archive.9/_prev_archive_1.a",
                "out": "tpLuY_d.o"
            }
        },
        "testbench": {
            "iAVhC_d": {
                "bytes": 21644,
                "checksum": 0,
                "mod": "testbench",
                "out": "iAVhC_d.o",
                "mode": 4,
                "archive": "archive.9/_31373_archive_1.a"
            }
        },
        "RS_Line_0000": {
            "Z4jCT_d": {
                "bytes": 27146,
                "checksum": 0,
                "mod": "RS_Line_0000",
                "mode": 4,
                "archive": "archive.9/_prev_archive_1.a",
                "out": "Z4jCT_d.o"
            }
        },
        "...MASTER...": {
            "amcQw_d": {
                "bytes": 7866,
                "checksum": 0,
                "mod": "...MASTER...",
                "mode": 4,
                "out": "objs/amcQw_d.o"
            }
        },
        "RS_0000": {
            "vG3v3_d": {
                "bytes": 129016,
                "checksum": 0,
                "mod": "RS_0000",
                "mode": 4,
                "archive": "archive.9/_prev_archive_1.a",
                "out": "vG3v3_d.o"
            }
        }
    },
    "Misc": {
        "archive_dir": "archive.9",
        "master_pid": 31373,
        "cwd": "/afs/umich.edu/user/s/u/sunsusan/Desktop/group7w20/verilog",
        "csrc": "csrc",
        "vcs_version": "N-2017.12-SP2-1_Full64",
        "vcs_build_date": "Build Date = Jul 14 2018 20:29:59",
        "VCS_HOME": "/usr/caen/vcs-2017.12-SP2-1",
        "csrc_abs": "/afs/umich.edu/user/s/u/sunsusan/Desktop/group7w20/verilog/csrc",
        "daidir": "/afs/umich.edu/user/s/u/sunsusan/Desktop/group7w20/verilog/simv.daidir",
        "daidir_abs": "/afs/umich.edu/user/s/u/sunsusan/Desktop/group7w20/verilog/simv.daidir",
        "default_output_dir": "csrc"
    },
    "NameTable": {
        "testbench": [
            "testbench",
            "iAVhC",
            "module",
            5
        ],
        "_vcs_unit__773399399": [
            "_vcs_unit__773399399",
            "tpLuY",
            "module",
            1
        ],
        "std": [
            "std",
            "reYIK",
            "module",
            2
        ],
        "RS_Line_0000": [
            "RS_Line_0000",
            "Z4jCT",
            "module",
            3
        ],
        "RS_0000": [
            "RS_0000",
            "vG3v3",
            "module",
            4
        ],
        "...MASTER...": [
            "SIM",
            "amcQw",
            "module",
            6
        ]
    },
    "CompileStrategy": "fullobj",
    "CurCompileUdps": {},
    "CompileStatus": "Successful",
    "stat": {
        "mop/quad": 3.4159185082872927,
        "ru_childs_end": {
            "ru_utime_sec": 0.013342,
            "ru_stime_sec": 0.025399000000000001,
            "ru_majflt": 0,
            "ru_maxrss_kb": 21500,
            "ru_nivcsw": 8,
            "ru_minflt": 6927,
            "ru_nvcsw": 20
        },
        "ru_self_cgstart": {
            "ru_utime_sec": 0.11308699999999999,
            "ru_stime_sec": 0.056034,
            "ru_majflt": 0,
            "ru_maxrss_kb": 70944,
            "ru_nivcsw": 6,
            "ru_minflt": 26523,
            "ru_nvcsw": 173
        },
        "ru_childs_cgstart": {
            "ru_utime_sec": 0.013342,
            "ru_stime_sec": 0.021006,
            "ru_majflt": 0,
            "ru_maxrss_kb": 21044,
            "ru_nivcsw": 6,
            "ru_minflt": 6331,
            "ru_nvcsw": 18
        },
        "outputSizePerQuad": 15.583563535911603,
        "cpu_cycles_cgstart": 9457284054414222,
        "totalObjSize": 90260,
        "mopSpeed": 441038.787338386,
        "peak_mem_kb": 244868,
        "nMops": 19785,
        "ru_self_end": {
            "ru_utime_sec": 0.157947,
            "ru_stime_sec": 0.076425999999999994,
            "ru_majflt": 0,
            "ru_maxrss_kb": 79284,
            "ru_nivcsw": 6,
            "ru_minflt": 30408,
            "ru_nvcsw": 220
        },
        "nQuads": 5792,