{
    "cycles_program_begin": 7975657521358452,
    "perf": [
        [
            0.15135908126831055,
            0.037072000000000001,
            0.031060000000000001,
            228520,
            229136,
            1582501373.076226,
            7975657840154280,
            "doParsingAndDesignResolution",
            "entry"
        ],
        [
            0.16323399543762207,
            0.045171999999999997,
            0.034130000000000001,
            229460,
            230108,
            1582501373.0881009,
            7975657868597066,
            "doParsingAndDesignResolution",
            "exit"
        ],
        [
            0.16332316398620605,
            0.045222999999999999,
            0.034167999999999997,
            229460,
            230108,
            1582501373.0881901,
            7975657868780046,
            "doPostDesignResolutionToVir2Vcs",
            "entry"
        ],
        [
            0.17916703224182129,
            0.050118000000000003,
            0.038162000000000001,
            230728,
            234828,
            1582501373.1040339,
            7975657906785264,
            "doUptoVir2VcsNoSepCleanup",
            "entry"
        ],
        [
            0.21130800247192383,
            0.064684000000000005,
            0.045176000000000001,
            230948,
            243480,
            1582501373.1361749,
            7975657983888939,
            "doUptoVir2VcsNoSepCleanup",
            "exit"
        ],
        [
            0.21144199371337891,
            0.064764000000000002,
            0.045232000000000001,
            230948,
            243480,
            1582501373.1363089,
            7975657984138695,
            "doRadify_vir2vcsAll",
            "entry"
        ],
        [
            0.22333216667175293,
            0.067325999999999997,
            0.048964000000000001,
            233100,
            243480,
            1582501373.1481991,
            7975658012674527,
            "doRadify_vir2vcsAll",
            "exit"
        ],
        [
            0.22339701652526855,
            0.067364999999999994,
            0.048992000000000001,
            233100,
            243480,
            1582501373.1482639,
            7975658012790213,
            "doPostDesignResolutionToVir2Vcs",
            "exit"
        ],
        [
            0.22344207763671875,
            0.067391000000000006,
            0.049010999999999999,
            233100,
            243480,
            1582501373.148309,
            7975658012891691,
            "doGAToPass2",
            "entry"
        ],
        [
            0.28224301338195801,
            0.069087999999999997,
            0.053620000000000001,
            231544,
            243480,
            1582501373.2071099,
            7975658153916405,
            "DoPass2",
            "entry"
        ],
        [
            0.33576416969299316,
            0.090620999999999993,
            0.067705000000000001,
            240604,
            243480,
            1582501373.2606311,
            7975658282248614,
            "DoPass2",
            "exit"
        ]
    ],
    "stat": {
        "ru_self_cgstart": {
            "ru_utime_sec": 0.069151000000000004,
            "ru_stime_sec": 0.053669000000000001,
            "ru_maxrss_kb": 65616,
            "ru_nivcsw": 5,
            "ru_majflt": 0,
            "ru_minflt": 25564,
            "ru_nvcsw": 136
        },
        "realTime": 0.35023307800292969,
        "ru_childs_end": {
            "ru_utime_sec": 0.016517,
            "ru_stime_sec": 0.021493000000000002,
            "ru_maxrss_kb": 17636,
            "ru_nivcsw": 8,
            "ru_majflt": 0,
            "ru_minflt": 6927,
            "ru_nvcsw": 32
        },
        "nMops": 2603,
        "ru_childs_cgstart": {
            "ru_utime_sec": 0.015487000000000001,
            "ru_stime_sec": 0.017375000000000002,
            "ru_maxrss_kb": 17180,
            "ru_nivcsw": 6,
            "ru_majflt": 0,
            "ru_minflt": 6331,
            "ru_nvcsw": 19
        },
        "cpu_cycles_cgstart": 7975658154037575,
        "nQuads": 943,
        "mopSpeed": 110756.5313590333,
        "totalObjSize": 125204,
        "ru_self_end": {
            "ru_utime_sec": 0.091622999999999996,
            "ru_stime_sec": 0.076005000000000003,
            "ru_maxrss_kb": 73052,
            "ru_nivcsw": 5,
            "ru_majflt": 0,
            "ru_minflt": 28550,
            "ru_nvcsw": 207
        },
        "cpu_cycles_end": 7975658316598386,
        "CodeGen(%)": 21.732938783058994,
        "cpu_cycles_total": 795239934,
        "peak_mem_kb": 243480,
        "quadSpeed": 40124.244745128082,
        "outputSizePerQuad": 132.77200424178156,
        "mop/quad": 2.76033934252386,
        "Frontend(%)": 78.267061216941016
    },
    "CompileStrategy": "fullobj",
    "CompileProcesses": [
        "cgproc.27552.json"
    ],
    "rlimit": {
        "data": -1,
        "stack": -1
    },
    "MlibObjs": {},
    "PrevCompiledModules": {
        "std": {
            "reYIK_d": {
                "bytes": 32908,
                "archive": "archive.44/_prev_archive_1.a",
                "mod": "std",
                "out": "reYIK_d.o",
                "mode": 4,
                "checksum": 0
            }
        },
        "testbench": {
            "iAVhC_d": {
                "bytes": 31554,
                "archive": "archive.44/_27552_archive_1.a",
                "mod": "testbench",
                "mode": 4,
                "out": "iAVhC_d.o",
                "checksum": 0
            }
        },
        "_vcs_unit__1318183854": {
            "viPWq_d": {
                "bytes": 22624,
                "archive": "archive.44/_27552_archive_1.a",
                "mod": "_vcs_unit__1318183854",
                "out": "viPWq_d.o",
                "mode": 4,
                "checksum": 0
            }
        },
        "...MASTER...": {
            "amcQw_d": {
                "bytes": 7866,
                "mod": "...MASTER...",
                "out": "objs/amcQw_d.o",
                "mode": 4,
                "checksum": 0
            }
        }
    },
    "NameTable": {
        "_vcs_unit__1318183854": [
            "_vcs_unit__1318183854",
            "viPWq",
            "module",
            4
        ],
        "std": [
            "std",
            "reYIK",
            "module",
            1
        ],
        "testbench": [
            "testbench",
            "iAVhC",
            "module",
            2
        ],
        "...MASTER...": [
            "SIM",
            "amcQw",
            "module",
            3
        ]
    },
    "LVLData": [
        "SIM"
    ],
    "cpu_cycles_pass2_start": 7975658153937189,
    "CurCompileUdps": {},
    "SIMBData": {
        "out": "amcQwB.o",
        "bytes": 67928,
        "text": 0,
        "archive": "archive.44/_27552_archive_1.a"
    },
    "incremental": "on",
    "CurCompileModules": [
        "...MASTER...",
        "_vcs_unit__1318183854",
        "_vcs_unit__1318183854",
        "std",
        "testbench",
        "testbench"
    ],
    "PEModules": [],
    "Misc": {
        "vcs_version": "N-2017.12-SP2-1_Full64",
        "vcs_build_date": "Build Date = Jul 14 2018 20:29:59",
        "master_pid": 27552,
        "VCS_HOME": "/usr/caen/vcs-2017.12-SP2-1",
        "csrc_abs": "/afs/umich.edu/user/s/u/sunsusan/Desktop/group7w20/verilog/csrc",
        "daidir": "/afs/umich.edu/user/s/u/sunsusan/Desktop/group7w20/verilog/simv.daidir",
        "cwd": "/afs/umich.edu/user/s/u/sunsusan/Desktop/group7w20/verilog",
        "csrc": "csrc",
        "daidir_abs": "/afs/umich.edu/user/s/u/sunsusan/Desktop/group7w20/verilog/simv.daidir",
        "archive_dir": "archive.44",
        "default_output_dir": "csrc"
    },
    "CompileStatus": "Successful"
}