{
    "cycles_program_begin": 7976000757306156,
    "CurCompileModules": [
        "...MASTER...",
        "_vcs_unit__1318183854",
        "std",
        "testbench",
        "testbench"
    ],
    "cpu_cycles_pass2_start": 7976001358384659,
    "incremental": "on",
    "MlibObjs": {},
    "perf": [
        [
            0.15800905227661133,
            0.040813000000000002,
            0.038719999999999997,
            228520,
            229136,
            1582501516.260843,
            7976001086276200,
            "doParsingAndDesignResolution",
            "entry"
        ],
        [
            0.17150402069091797,
            0.047142000000000003,
            0.045046999999999997,
            229460,
            230108,
            1582501516.274338,
            7976001118575210,
            "doParsingAndDesignResolution",
            "exit"
        ],
        [
            0.17158293724060059,
            0.047183000000000003,
            0.045086000000000001,
            229460,
            230108,
            1582501516.2744169,
            7976001118769304,
            "doPostDesignResolutionToVir2Vcs",
            "entry"
        ],
        [
            0.184844970703125,
            0.051785999999999999,
            0.048117,
            230728,
            234828,
            1582501516.287679,
            7976001150541898,
            "doUptoVir2VcsNoSepCleanup",
            "entry"
        ],
        [
            0.21487808227539062,
            0.061733999999999997,
            0.057618999999999997,
            230948,
            243476,
            1582501516.3177121,
            7976001222549129,
            "doUptoVir2VcsNoSepCleanup",
            "exit"
        ],
        [
            0.21496701240539551,
            0.061781000000000003,
            0.057661999999999998,
            230948,
            243476,
            1582501516.317801,
            7976001222731481,
            "doRadify_vir2vcsAll",
            "entry"
        ],
        [
            0.22251701354980469,
            0.064507999999999996,
            0.060345999999999997,
            233100,
            243476,
            1582501516.325351,
            7976001240865161,
            "doRadify_vir2vcsAll",
            "exit"
        ],
        [
            0.22258090972900391,
            0.064542000000000002,
            0.060378000000000001,
            233100,
            243476,
            1582501516.3254149,
            7976001241023642,
            "doPostDesignResolutionToVir2Vcs",
            "exit"
        ],
        [
            0.22264409065246582,
            0.064542000000000002,
            0.060440000000000001,
            233100,
            243476,
            1582501516.3254781,
            7976001241130187,
            "doGAToPass2",
            "entry"
        ],
        [
            0.27151989936828613,
            0.064542000000000002,
            0.067313999999999999,
            231544,
            243476,
            1582501516.3743539,
            7976001358365402,
            "DoPass2",
            "entry"
        ],
        [
            0.33349204063415527,
            0.079327999999999996,
            0.084286,
            240320,
            243476,
            1582501516.436326,
            7976001506890779,
            "DoPass2",
            "exit"
        ]
    ],
    "PrevCompiledModules": {
        "std": {
            "reYIK_d": {
                "bytes": 32908,
                "out": "reYIK_d.o",
                "mod": "std",
                "mode": 4,
                "checksum": 0,
                "archive": "archive.45/_prev_archive_1.a"
            }
        },
        "testbench": {
            "iAVhC_d": {
                "bytes": 34652,
                "out": "iAVhC_d.o",
                "mod": "testbench",
                "mode": 4,
                "checksum": 0,
                "archive": "archive.45/_28722_archive_1.a"
            }
        },
        "_vcs_unit__1318183854": {
            "viPWq_d": {
                "bytes": 22624,
                "out": "viPWq_d.o",
                "mod": "_vcs_unit__1318183854",
                "mode": 4,
                "checksum": 0,
                "archive": "archive.45/_prev_archive_1.a"
            }
        },
        "...MASTER...": {
            "amcQw_d": {
                "bytes": 7866,
                "out": "objs/amcQw_d.o",
                "mod": "...MASTER...",
                "mode": 4,
                "checksum": 0
            }
        }
    },
    "NameTable": {
        "_vcs_unit__1318183854": [
            "_vcs_unit__1318183854",
            "viPWq",
            "module",
            4
        ],
        "std": [
            "std",
            "reYIK",
            "module",
            1
        ],
        "testbench": [
            "testbench",
            "iAVhC",
            "module",
            2
        ],
        "...MASTER...": [
            "SIM",
            "amcQw",
            "module",
            3
        ]
    },
    "stat": {
        "nQuads": 961,
        "nMops": 2673,
        "ru_childs_cgstart": {
            "ru_utime_sec": 0.013923,
            "ru_stime_sec": 0.019859000000000002,
            "ru_nivcsw": 7,
            "ru_maxrss_kb": 17076,
            "ru_majflt": 0,
            "ru_minflt": 6331,
            "ru_nvcsw": 53
        },
        "quadSpeed": 55652.073198980797,
        "ru_self_cgstart": {
            "ru_utime_sec": 0.064542000000000002,
            "ru_stime_sec": 0.067434999999999995,
            "ru_nivcsw": 5,
            "ru_maxrss_kb": 65388,
            "ru_majflt": 0,
            "ru_minflt": 25544,
            "ru_nvcsw": 166
        },
        "cpu_cycles_end": 7976001537626205,
        "cpu_cycles_cgstart": 7976001358535817,
        "ru_childs_end": {
            "ru_utime_sec": 0.013923,
            "ru_stime_sec": 0.023671999999999999,
            "ru_nivcsw": 9,
            "ru_maxrss_kb": 17532,
            "ru_majflt": 0,
            "ru_minflt": 6927,
            "ru_nvcsw": 55
        },
        "totalObjSize": 101184,
        "cpu_cycles_total": 780320049,
        "ru_self_end": {
            "ru_utime_sec": 0.081809999999999994,
            "ru_stime_sec": 0.088793999999999998,
            "ru_nivcsw": 5,
            "ru_maxrss_kb": 72944,
            "ru_majflt": 0,
            "ru_minflt": 28523,
            "ru_nvcsw": 256
        },
        "mopSpeed": 154794.9965253649,
        "mop/quad": 2.7814776274713839,
        "outputSizePerQuad": 105.29032258064517,
        "Frontend(%)": 81.962332737927369,
        "CodeGen(%)": 18.037667262072631,
        "peak_mem_kb": 243476,
        "realTime": 0.34643006324768066
    },
    "CompileStrategy": "fullobj",
    "SIMBData": {
        "out": "amcQwB.o",
        "bytes": 67670,
        "text": 0,
        "archive": "archive.45/_28722_archive_1.a"
    },
    "PEModules": [],
    "Misc": {
        "daidir": "/afs/umich.edu/user/s/u/sunsusan/Desktop/group7w20/verilog/simv.daidir",
        "vcs_version": "N-2017.12-SP2-1_Full64",
        "vcs_build_date": "Build Date = Jul 14 2018 20:29:59",
        "master_pid": 28722,
        "cwd": "/afs/umich.edu/user/s/u/sunsusan/Desktop/group7w20/verilog",
        "archive_dir": "archive.45",
        "csrc_abs": "/afs/umich.edu/user/s/u/sunsusan/Desktop/group7w20/verilog/csrc",
        "VCS_HOME": "/usr/caen/vcs-2017.12-SP2-1",
        "daidir_abs": "/afs/umich.edu/user/s/u/sunsusan/Desktop/group7w20/verilog/simv.daidir",
        "csrc": "csrc",
        "default_output_dir": "csrc"
    },
    "CurCompileUdps": {},
    "LVLData": [
        "SIM"
    ],
    "CompileProcesses": [
        "cgproc.28722.json"
    ],
    "rlimit": {
        "data": -1,
        "stack": -1
    },
    "CompileStatus": "Successful"
}