{
    "LVLData": [
        "SIM"
    ],
    "CompileProcesses": [
        "cgproc.12523.json"
    ],
    "stat": {
        "mopSpeed": 252839.40834653986,
        "ru_self_cgstart": {
            "ru_utime_sec": 0.119827,
            "ru_minflt": 26525,
            "ru_stime_sec": 0.062812000000000007,
            "ru_maxrss_kb": 70936,
            "ru_majflt": 0,
            "ru_nvcsw": 146,
            "ru_nivcsw": 6
        },
        "cpu_cycles_end": 9464025424143140,
        "peak_mem_kb": 244868,
        "ru_self_end": {
            "ru_utime_sec": 0.19480700000000001,
            "ru_minflt": 30566,
            "ru_stime_sec": 0.087123999999999993,
            "ru_maxrss_kb": 80056,
            "ru_majflt": 0,
            "ru_nvcsw": 214,
            "ru_nivcsw": 8
        },
        "ru_childs_cgstart": {
            "ru_utime_sec": 0.016778999999999999,
            "ru_minflt": 6331,
            "ru_stime_sec": 0.019283000000000002,
            "ru_maxrss_kb": 21044,
            "ru_majflt": 0,
            "ru_nvcsw": 17,
            "ru_nivcsw": 6
        },
        "nQuads": 5496,
        "cpu_cycles_cgstart": 9464025134208108,
        "totalObjSize": 221388,
        "quadSpeed": 72583.20126782883,
        "nMops": 19145,
        "ru_childs_end": {
            "ru_utime_sec": 0.017519,
            "ru_minflt": 6927,
            "ru_stime_sec": 0.022241,
            "ru_maxrss_kb": 21504,
            "ru_majflt": 0,
            "ru_nvcsw": 19,
            "ru_nivcsw": 8
        },
        "cpu_cycles_total": 1249677246,
        "mop/quad": 3.4834425036390102,
        "Frontend(%)": 64.337857822405169,
        "outputSizePerQuad": 40.28165938864629,
        "CodeGen(%)": 35.662142177594831,
        "realTime": 0.53986597061157227
    },
    "cycles_program_begin": 9464024174465894,
    "perf": [
        [
            0.15669703483581543,
            0.040222000000000001,
            0.031602999999999999,
            228520,
            229136,
            1583122243.174166,
            9464024506085556,
            "doParsingAndDesignResolution",
            "entry"
        ],
        [
            0.17467117309570312,
            0.056224000000000003,
            0.032959000000000002,
            229756,
            230404,
            1583122243.1921401,
            9464024549148446,
            "doParsingAndDesignResolution",
            "exit"
        ],
        [
            0.17475509643554688,
            0.056278000000000002,
            0.032989999999999998,
            229756,
            230404,
            1583122243.192224,
            9464024549319036,
            "doPostDesignResolutionToVir2Vcs",
            "entry"
        ],
        [
            0.20518612861633301,
            0.065981999999999999,
            0.039789999999999999,
            235004,
            235008,
            1583122243.2226551,
            9464024622337578,
            "doUptoVir2VcsNoSepCleanup",
            "entry"
        ],
        [
            0.3134009838104248,
            0.11214499999999999,
            0.054139,
            244432,
            244452,
            1583122243.3308699,
            9464024881721106,
            "doUptoVir2VcsNoSepCleanup",
            "exit"
        ],
        [
            0.31355500221252441,
            0.11225,
            0.054189000000000001,
            244432,
            244452,
            1583122243.3310239,
            9464024882073003,
            "doRadify_vir2vcsAll",
            "entry"
        ],
        [
            0.34475111961364746,
            0.118439,
            0.056812000000000001,
            244432,
            244452,
            1583122243.36222,
            9464024956868804,
            "doRadify_vir2vcsAll",
            "exit"
        ],
        [
            0.34481000900268555,
            0.11848,
            0.056832000000000001,
            244432,
            244452,
            1583122243.3622789,
            9464024956975916,
            "doPostDesignResolutionToVir2Vcs",
            "exit"
        ],
        [
            0.34485197067260742,
            0.118509,
            0.056846000000000001,
            244432,
            244452,
            1583122243.3623209,
            9464024957071460,
            "doGAToPass2",
            "entry"
        ],
        [
            0.41863012313842773,
            0.11973399999999999,
            0.062762999999999999,
            242876,
            244452,
            1583122243.4360991,
            9464025134028243,
            "DoPass2",
            "entry"
        ],
        [
            0.5229191780090332,
            0.19278300000000001,
            0.077892000000000003,
            244844,
            244868,
            1583122243.5403881,
            9464025383978877,
            "DoPass2",
            "exit"
        ]
    ],
    "cpu_cycles_pass2_start": 9464025134071074,
    "PEModules": [],
    "SIMBData": {
        "out": "amcQwB.o",
        "bytes": 68948,
        "text": 0,
        "archive": "archive.10/_12523_archive_1.a"
    },
    "MlibObjs": {},
    "CurCompileUdps": {},
    "CompileStrategy": "fullobj",
    "PrevCompiledModules": {
        "...MASTER...": {
            "amcQw_d": {
                "checksum": 0,
                "bytes": 7866,
                "mod": "...MASTER...",
                "mode": 4,
                "out": "objs/amcQw_d.o"
            }
        },
        "testbench": {
            "iAVhC_d": {
                "checksum": 0,
                "bytes": 21644,
                "mod": "testbench",
                "out": "iAVhC_d.o",
                "mode": 4,
                "archive": "archive.10/_prev_archive_1.a"
            }
        },
        "std": {
            "reYIK_d": {
                "checksum": 0,
                "bytes": 32908,
                "mod": "std",
                "mode": 4,
                "archive": "archive.10/_prev_archive_1.a",
                "out": "reYIK_d.o"
            }
        },
        "RS_0000": {
            "vG3v3_d": {
                "checksum": 0,
                "bytes": 129016,
                "mod": "RS_0000",
                "mode": 4,
                "archive": "archive.10/_12523_archive_1.a",
                "out": "vG3v3_d.o"
            }
        },
        "RS_Line_0000": {
            "Z4jCT_d": {
                "checksum": 0,
                "bytes": 27146,
                "mod": "RS_Line_0000",
                "mode": 4,
                "archive": "archive.10/_prev_archive_1.a",
                "out": "Z4jCT_d.o"
            }
        },
        "_vcs_unit__773399399": {
            "tpLuY_d": {
                "checksum": 0,
                "bytes": 22716,
                "mod": "_vcs_unit__773399399",
                "mode": 4,
                "archive": "archive.10/_12523_archive_1.a",
                "out": "tpLuY_d.o"
            }
        }
    },
    "CurCompileModules": [
        "...MASTER...",
        "_vcs_unit__773399399",
        "_vcs_unit__773399399",
        "std",
        "RS_Line_0000",
        "RS_0000",
        "RS_0000",
        "testbench"
    ],
    "NameTable": {
        "_vcs_unit__773399399": [
            "_vcs_unit__773399399",
            "tpLuY",
            "module",
            1
        ],
        "...MASTER...": [
            "SIM",
            "amcQw",
            "module",
            6
        ],
        "testbench": [
            "testbench",
            "iAVhC",
            "module",
            5
        ],
        "std": [
            "std",
            "reYIK",
            "module",
            2
        ],
        "RS_0000": [
            "RS_0000",
            "vG3v3",
            "module",
            4
        ],
        "RS_Line_0000": [
            "RS_Line_0000",
            "Z4jCT",
            "module",
            3
        ]
    },
    "incremental": "on",
    "Misc": {
        "vcs_version": "N-2017.12-SP2-1_Full64",