{
    "Modules": {
        "...MASTER...": {
            "start_perf": [
                0.28014898300170898,
                0.077600000000000002,
                0.069640999999999995,
                242280,
                243856,
                1582403782.7251229,
                7088146277126424
            ],
            "child_modules": {
                "std": 1,
                "testbench": 1
            },
            "nMops": 0,
            "end_perf": [
                0.2940061092376709,
                0.079701999999999995,
                0.073649000000000006,
                242292,
                243856,
                7088146307559030,
                0,
                0
            ],
            "nQuads": 0,
            "nRouts": 5
        },
        "std": {
            "Compiled Times": 11,
            "start_perf": [
                0.29416799545288086,
                0.079785999999999996,
                0.073727000000000001,
                242292,
                243856,
                1582403782.7391419,
                7088146307894090
            ],
            "child_modules": {},
            "Compiled": "Yes",
            "end_perf": [
                0.29893302917480469,
                0.083360000000000004,
                0.074320999999999998,
                242296,
                243856,
                7088146318393294,
                8589934594,
                0
            ],
            "nMops": 462,
            "nQuads": 213,
            "svclass": [
                "$vcs_nba_dyn_obj",
                0,
                37,
                2,
                2,
                0,
                "sigprop$$",
                0,
                37,
                2,
                2,
                0,
                "process",
                0,
                184,
                8,
                8,
                0,
                "event",
                0,
                36,
                2,
                2,
                0,
                "mailbox",
                0,
                99,
                9,
                9,
                0,
                "semaphore",
                0,
                69,
                5,
                5,
                0
            ],
            "nRouts": 33
        },
        "wand_sel_0000": {
            "Compiled Times": 6,
            "start_perf": [
                0.29902410507202148,
                0.083407999999999996,
                0.074364,
                242296,
                243856,
                1582403782.7439981,
                7088146318541404
            ],
            "child_modules": {},
            "significant_routs": [
                [
                    1,
                    "R_VCSgd_hckDL_1",
                    6354332,
                    4383,
                    845
                ]
            ],
            "Compiled": "Yes",
            "end_perf": [
                0.31109809875488281,
                0.090787999999999994,
                0.076664999999999997,
                244252,
                244256,
                7088146345075286,
                17179869185,
                0
            ],
            "nMops": 1978,
            "nQuads": 598,
            "nRouts": 16
        },
        "testbench": {
            "Compiled Times": 11,
            "start_perf": [
                0.31117415428161621,
                0.090828999999999993,
                0.076700000000000004,
                244252,
                244256,
                1582403782.7561481,
                7088146345214150
            ],
            "child_modules": {
                "wand_sel_0000": 4
            },
            "Compiled": "Yes",
            "nMops": 1598,
            "end_perf": [
                0.32273006439208984,
                0.101171,
                0.077901999999999999,
                244252,
                244276,
                7088146370637734,
                21474836481,
                0
            ],
            "nQuads": 493,
            "nRouts": 59
        }
    },
    "CompUnits": {
        "hckDL_d": {
            "archive": "archive.10/_29211_archive_1.a",
            "checksum": 0,
            "out": "hckDL_d.o",
            "mod": "wand_sel_0000",
            "bytes": 13040,
            "text": 5245,
            "mode": 4
        },
        "iAVhC_d": {
            "archive": "archive.10/_29211_archive_1.a",
            "checksum": 0,
            "out": "iAVhC_d.o",
            "mod": "testbench",
            "bytes": 28444,
            "text": 12727,
            "mode": 4
        }
    },
    "reusePaths": {
        "amcQw_d": {
            "icPath": "csrc"
        },
        "reYIK_d": {
            "icPath": "csrc"
        }
    },
    "ObjArchives": [
        {
            "archive": "archive.10/_29211_archive_1.a",
            "objects": [
                [
                    "hckDL_d.o",
                    13040
                ],
                [
                    "iAVhC_d.o",
                    28444
                ],
                [
                    "amcQwB.o",
                    66340
                ]
            ],
            "size": 107824
        }
    ],
    "stat": {
        "ru_self_end": {
            "ru_maxrss_kb": 75364,
            "ru_stime_sec": 0.090382000000000004,
            "ru_utime_sec": 0.10256899999999999,
            "ru_minflt": 29213,
            "ru_majflt": 0,
            "ru_nvcsw": 229,
            "ru_nivcsw": 7
        },
        "ru_childs_end": {
            "ru_maxrss_kb": 20564,
            "ru_stime_sec": 0.026422000000000001,
            "ru_utime_sec": 0.017788999999999999,
            "ru_minflt": 6930,
            "ru_majflt": 0,
            "ru_nvcsw": 21,
            "ru_nivcsw": 8
        },
        "cpu_cycles_end": 7088146425410390,
        "peak_mem_kb": 244276
    }
}