{
    "Modules": {
        "std": {
            "start_perf": [
                0.2959740161895752,
                0.075827000000000006,
                0.046283999999999999,
                283212,
                283216,
                1583166973.0259459,
                15622534766112
            ],
            "child_modules": {},
            "nRouts": 33,
            "Compiled": "Yes",
            "Compiled Times": 24,
            "end_perf": [
                0.29843902587890625,
                0.076498999999999998,
                0.048057000000000002,
                283212,
                283216,
                15622542653631,
                8589934594,
                0
            ],
            "svclass": [
                "$vcs_nba_dyn_obj",
                0,
                37,
                2,
                2,
                0,
                "sigprop$$",
                0,
                37,
                2,
                2,
                0,
                "process",
                0,
                184,
                8,
                8,
                0,
                "event",
                0,
                36,
                2,
                2,
                0,
                "mailbox",
                0,
                99,
                9,
                9,
                0,
                "semaphore",
                0,
                69,
                5,
                5,
                0
            ],
            "nMops": 462,
            "nQuads": 213
        },
        "...MASTER...": {
            "child_modules": {
                "std": 1,
                "_vcs_unit__773399399": 1,
                "testbench": 1
            },
            "start_perf": [
                0.28050923347473145,
                0.075521000000000005,
                0.040740999999999999,
                281244,
                282820,
                1583166973.0104811,
                15622485406694
            ],
            "end_perf": [
                0.29077005386352539,
                0.075563000000000005,
                0.044159999999999998,
                281256,
                282820,
                15622518186539,
                0,
                0
            ],
            "nQuads": 0,
            "nMops": 0,
            "nRouts": 5
        },
        "testbench": {
            "child_modules": {
                "RS_0000": 1
            },
            "start_perf": [
                0.34510612487792969,
                0.116864,
                0.051499000000000003,
                283212,
                283236,
                1583166973.075078,
                15622691598170
            ],
            "nRouts": 61,
            "Compiled": "Yes",
            "end_perf": [
                0.34719514846801758,
                0.11891400000000001,
                0.051528999999999998,
                283212,
                283236,
                15622698287145,
                21474836481,
                0
            ],
            "Compiled Times": 24,
            "nQuads": 238,
            "nMops": 469
        },
        "_vcs_unit__773399399": {
            "child_modules": {},
            "start_perf": [
                0.29086613655090332,
                0.075623999999999997,
                0.044195999999999999,
                281256,
                282820,
                1583166973.020838,
                15622518464632
            ],
            "nRouts": 5,
            "Compiled": "Yes",
            "end_perf": [
                0.29592514038085938,
                0.075796000000000002,
                0.046265000000000001,
                283212,
                283216,
                15622534630526,
                4294967297,
                0
            ],
            "Compiled Times": 24,
            "nQuads": 0,
            "nMops": 0
        },
        "RS_Line_0000": {
            "child_modules": {},
            "start_perf": [
                0.29849004745483398,
                0.076530000000000001,
                0.048077000000000002,
                283212,
                283216,
                1583166973.0284619,
                15622542796726
            ],
            "nRouts": 61,
            "Compiled": "Yes",
            "end_perf": [
                0.30414414405822754,
                0.080168000000000003,
                0.048496999999999998,
                283212,
                283216,
                15622560871414,
                12884901889,
                0
            ],
            "Compiled Times": 24,
            "nQuads": 664,
            "nMops": 2175
        },
        "RS_0000": {
            "start_perf": [
                0.30419301986694336,
                0.080199000000000006,
                0.048515000000000003,
                283212,
                283216,
                1583166973.0341649,
                15622561000074
            ],
            "child_modules": {
                "RS_Line_0000": 16
            },
            "nRouts": 317,
            "Compiled": "Yes",
            "Compiled Times": 24,
            "end_perf": [
                0.34504818916320801,
                0.116823,
                0.051480999999999999,
                283212,
                283236,
                15622691454853,
                17179869185,
                0
            ],
            "nQuads": 4169,
            "significant_routs": [
                [
                    7,
                    "R_VCSgd_vG3v3_7",
                    4336078,
                    2582,
                    472
                ],
                [
                    9,
                    "R_VCSgd_vG3v3_9",
                    11220221,
                    11593,
                    1832
                ],
                [
                    21,
                    "R_VCSgd_vG3v3_15",
                    9049250,
                    8560,
                    1338
                ]
            ],
            "nMops": 15320
        }
    },
    "CompUnits": {
        "tpLuY_d": {
            "mod": "_vcs_unit__773399399",
            "archive": "archive.23/_21586_archive_1.a",
            "out": "tpLuY_d.o",
            "bytes": 22716,
            "text": 205,
            "mode": 4,
            "checksum": 0
        },
        "vG3v3_d": {
            "mod": "RS_0000",
            "archive": "archive.23/_21586_archive_1.a",
            "out": "vG3v3_d.o",
            "bytes": 126094,
            "text": 82072,
            "mode": 4,
            "checksum": 0
        }
    },
    "reusePaths": {
        "amcQw_d": {
            "icPath": "csrc"
        },
        "iAVhC_d": {
            "icPath": "csrc"
        },
        "reYIK_d": {
            "icPath": "csrc"
        },
        "Z4jCT_d": {
            "icPath": "csrc"
        }
    },
    "stat": {
        "ru_self_end": {
            "ru_utime_sec": 0.120257,
            "ru_minflt": 27981,
            "ru_stime_sec": 0.061594999999999997,
            "ru_maxrss_kb": 87364,
            "ru_majflt": 0,
            "ru_nvcsw": 395,
            "ru_nivcsw": 7
        },
        "peak_mem_kb": 283236,
        "ru_childs_end": {
            "ru_utime_sec": 0.012064999999999999,
            "ru_minflt": 6934,
            "ru_stime_sec": 0.010413,
            "ru_maxrss_kb": 28364,
            "ru_majflt": 0,
            "ru_nvcsw": 20,
            "ru_nivcsw": 8
        },
        "cpu_cycles_end": 15622797125974
    },
    "ObjArchives": [
        {
            "archive": "archive.23/_21586_archive_1.a",
            "objects": [
                [
                    "tpLuY_d.o",
                    22716
                ],
                [
                    "vG3v3_d.o",
                    126094
                ],
                [
                    "amcQwB.o",
                    67442
                ]
            ],
            "size": 216252
        }
    ]
}