{
    "reusePaths": {
        "amcQw_d": {
            "icPath": "csrc"
        },
        "reYIK_d": {
            "icPath": "csrc"
        },
        "Z4jCT_d": {
            "icPath": "csrc"
        },
        "iAVhC_d": {
            "icPath": "csrc"
        }
    },
    "Modules": {
        "testbench": {
            "end_perf": [
                0.51210618019104004,
                0.19112699999999999,
                0.073733999999999994,
                244844,
                244868,
                9464025358053524,
                21474836481,
                0
            ],
            "start_perf": [
                0.50922012329101562,
                0.189217,
                0.072775000000000006,
                244844,
                244868,
                1583122243.5266891,
                9464025351105778
            ],
            "child_modules": {
                "RS_0000": 1
            },
            "nRouts": 62,
            "nQuads": 294,
            "Compiled": "Yes",
            "nMops": 612,
            "Compiled Times": 11
        },
        "std": {
            "end_perf": [
                0.44239616394042969,
                0.12721499999999999,
                0.069389999999999993,
                244844,
                244848,
                9464025190939402,
                8589934594,
                0
            ],
            "start_perf": [
                0.4385230541229248,
                0.123348,
                0.069383,
                244844,
                244848,
                1583122243.455992,
                9464025181641966
            ],
            "svclass": [
                "$vcs_nba_dyn_obj",
                0,
                37,
                2,
                2,
                0,
                "sigprop$$",
                0,
                37,
                2,
                2,
                0,
                "process",
                0,
                184,
                8,
                8,
                0,
                "event",
                0,
                36,
                2,
                2,
                0,
                "mailbox",
                0,
                99,
                9,
                9,
                0,
                "semaphore",
                0,
                69,
                5,
                5,
                0
            ],
            "child_modules": {},
            "nRouts": 33,
            "nQuads": 213,
            "Compiled": "Yes",
            "nMops": 462,
            "Compiled Times": 11
        },
        "...MASTER...": {
            "end_perf": [
                0.43175601959228516,
                0.122405,
                0.066059999999999994,
                242888,
                244452,
                9464025165436200,
                0,
                0
            ],
            "start_perf": [
                0.4189140796661377,
                0.11992,
                0.062861,
                242876,
                244452,
                1583122243.436383,
                9464025134649672
            ],
            "child_modules": {
                "testbench": 1,
                "std": 1,
                "_vcs_unit__773399399": 1
            },
            "nRouts": 5,
            "nQuads": 0,
            "nMops": 0
        },
        "_vcs_unit__773399399": {
            "end_perf": [
                0.43845009803771973,
                0.12330199999999999,
                0.069357000000000002,
                244844,
                244848,
                9464025181495887,
                4294967297,
                0
            ],
            "start_perf": [
                0.43189811706542969,
                0.12249699999999999,
                0.066109000000000001,
                242888,
                244452,
                1583122243.449367,
                9464025165758836
            ],
            "child_modules": {},
            "nRouts": 5,
            "nQuads": 0,
            "Compiled": "Yes",
            "nMops": 0,
            "Compiled Times": 11
        },
        "RS_0000": {
            "end_perf": [
                0.50914216041564941,
                0.18915999999999999,
                0.072753999999999999,
                244844,
                244868,
                9464025350955246,
                17179869185,
                0
            ],
            "start_perf": [
                0.45087599754333496,
                0.13223099999999999,
                0.071424000000000001,
                244844,
                244848,
                1583122243.4683449,
                9464025211252059
            ],
            "child_modules": {
                "RS_Line_0000": 16
            },
            "nRouts": 321,
            "significant_routs": [
                [
                    7,
                    "R_VCSgd_vG3v3_7",
                    12499572,
                    11293,
                    1792
                ],
                [
                    19,
                    "R_VCSgd_vG3v3_13",
                    10132786,
                    8560,
                    1338
                ]
            ],
            "nQuads": 4325,
            "Compiled": "Yes",
            "nMops": 15896,
            "Compiled Times": 11
        },
        "RS_Line_0000": {
            "end_perf": [
                0.4508061408996582,
                0.132184,
                0.071398000000000003,
                244844,
                244848,
                9464025211117638,
                12884901889,
                0
            ],
            "start_perf": [
                0.44246196746826172,
                0.12725800000000001,
                0.069413000000000002,
                244844,
                244848,
                1583122243.4599309,
                9464025191071480
            ],
            "child_modules": {},
            "nRouts": 61,
            "nQuads": 664,
            "Compiled": "Yes",
            "nMops": 2175,
            "Compiled Times": 11
        }
    },
    "CompUnits": {
        "tpLuY_d": {
            "mod": "_vcs_unit__773399399",
            "out": "tpLuY_d.o",
            "checksum": 0,
            "bytes": 22716,
            "text": 205,
            "mode": 4,
            "archive": "archive.10/_12523_archive_1.a"
        },
        "vG3v3_d": {
            "mod": "RS_0000",
            "out": "vG3v3_d.o",
            "checksum": 0,
            "bytes": 129724,
            "text": 84564,
            "mode": 4,
            "archive": "archive.10/_12523_archive_1.a"
        }
    },
    "stat": {
        "peak_mem_kb": 244868,
        "ru_self_end": {
            "ru_utime_sec": 0.19362799999999999,
            "ru_minflt": 30561,
            "ru_stime_sec": 0.087035000000000001,
            "ru_maxrss_kb": 80056,
            "ru_majflt": 0,
            "ru_nvcsw": 211,
            "ru_nivcsw": 8
        },
        "ru_childs_end": {
            "ru_utime_sec": 0.017519,
            "ru_minflt": 6927,
            "ru_stime_sec": 0.022241,
            "ru_maxrss_kb": 21504,
            "ru_majflt": 0,
            "ru_nvcsw": 19,
            "ru_nivcsw": 8
        },
        "cpu_cycles_end": 9464025417897405
    },
    "ObjArchives": [
        {
            "archive": "archive.10/_12523_archive_1.a",
            "objects": [
                [
                    "tpLuY_d.o",
                    22716
                ],
                [
                    "vG3v3_d.o",
                    129724
                ],
                [
                    "amcQwB.o",
                    68948
                ]
            ],
            "size": 221388
        }
    ]
}