{
    "reusePaths": {
        "viPWq_d": {
            "icPath": "csrc"
        },
        "amcQw_d": {
            "icPath": "csrc"
        },
        "reYIK_d": {
            "icPath": "csrc"
        }
    },
    "Modules": {
        "...MASTER...": {
            "nRouts": 5,
            "start_perf": [
                0.27173709869384766,
                0.064542000000000002,
                0.067531999999999995,
                231544,
                243476,
                1582501516.3745711,
                7976001358877868
            ],
            "child_modules": {
                "std": 1,
                "testbench": 1,
                "_vcs_unit__1318183854": 1
            },
            "end_perf": [
                0.29759407043457031,
                0.064542000000000002,
                0.073570999999999998,
                232328,
                243476,
                7976001420856110,
                0,
                0
            ],
            "nMops": 0,
            "nQuads": 0
        },
        "_vcs_unit__1318183854": {
            "nRouts": 5,
            "start_perf": [
                0.29775500297546387,
                0.064542000000000002,
                0.073732000000000006,
                232328,
                243476,
                1582501516.400589,
                7976001421203702
            ],
            "child_modules": {},
            "nMops": 0,
            "nQuads": 0,
            "Compiled": "Yes",
            "Compiled Times": 35,
            "end_perf": [
                0.29925799369812012,
                0.064706,
                0.074660000000000004,
                232332,
                243476,
                7976001424814130,
                4294967297,
                0
            ]
        },
        "std": {
            "start_perf": [
                0.29931998252868652,
                0.064735000000000001,
                0.074693999999999997,
                232332,
                243476,
                1582501516.402154,
                7976001424938470
            ],
            "svclass": [
                "$vcs_nba_dyn_obj",
                0,
                37,
                2,
                2,
                0,
                "sigprop$$",
                0,
                37,
                2,
                2,
                0,
                "process",
                0,
                184,
                8,
                8,
                0,
                "event",
                0,
                36,
                2,
                2,
                0,
                "mailbox",
                0,
                99,
                9,
                9,
                0,
                "semaphore",
                0,
                69,
                5,
                5,
                0
            ],
            "child_modules": {},
            "nQuads": 213,
            "nMops": 462,
            "Compiled": "Yes",
            "Compiled Times": 46,
            "end_perf": [
                0.30235600471496582,
                0.066749000000000003,
                0.075715000000000005,
                232716,
                243476,
                7976001432240844,
                8589934594,
                0
            ],
            "nRouts": 33
        },
        "testbench": {
            "start_perf": [
                0.30242109298706055,
                0.066780000000000006,
                0.075750999999999999,
                232716,
                243476,
                1582501516.4052551,
                7976001432373682
            ],
            "child_modules": {},
            "nQuads": 748,
            "nMops": 2211,
            "Compiled": "Yes",
            "Compiled Times": 46,
            "significant_routs": [
                [
                    16,
                    "R_VCSgd_iAVhC_10",
                    3065028,
                    1314,
                    172
                ]
            ],
            "end_perf": [
                0.32064008712768555,
                0.079233999999999999,
                0.079233999999999999,
                238348,
                243476,
                7976001476085729,
                17179869185,
                0
            ],
            "nRouts": 77
        }
    },
    "CompUnits": {
        "iAVhC_d": {
            "out": "iAVhC_d.o",
            "mod": "testbench",
            "bytes": 33514,
            "text": 13824,
            "mode": 4,
            "checksum": 0,
            "archive": "archive.45/_28722_archive_1.a"
        }
    },
    "ObjArchives": [
        {
            "objects": [
                [
                    "iAVhC_d.o",
                    33514
                ],
                [
                    "amcQwB.o",
                    67670
                ]
            ],
            "archive": "archive.45/_28722_archive_1.a",
            "size": 101184
        }
    ],
    "stat": {
        "ru_self_end": {
            "ru_utime_sec": 0.081497,
            "ru_stime_sec": 0.088454000000000005,
            "ru_nivcsw": 5,
            "ru_maxrss_kb": 72944,
            "ru_majflt": 0,
            "ru_minflt": 28515,
            "ru_nvcsw": 253
        },
        "ru_childs_end": {
            "ru_utime_sec": 0.013923,
            "ru_stime_sec": 0.023671999999999999,
            "ru_nivcsw": 9,
            "ru_maxrss_kb": 17532,
            "ru_majflt": 0,
            "ru_minflt": 6927,
            "ru_nvcsw": 55
        },
        "cpu_cycles_end": 7976001533542143,
        "peak_mem_kb": 243476
    }
}