{
    "Modules": {
        "...MASTER...": {
            "start_perf": [
                0.28053689002990723,
                0.076347999999999999,
                0.041556000000000003,
                281332,
                282908,
                1583250149.035151,
                14281326508367
            ],
            "child_modules": {
                "std": 1,
                "testbench": 1,
                "_vcs_unit__773399399": 1
            },
            "nRouts": 5,
            "nQuads": 0,
            "end_perf": [
                0.2905118465423584,
                0.076347999999999999,
                0.044607000000000001,
                281344,
                282908,
                14281358372675,
                0,
                0
            ],
            "nMops": 0
        },
        "_vcs_unit__773399399": {
            "Compiled": "Yes",
            "start_perf": [
                0.29060983657836914,
                0.076347999999999999,
                0.044704000000000001,
                281344,
                282908,
                1583250149.045224,
                14281358660541
            ],
            "Compiled Times": 7,
            "child_modules": {},
            "nRouts": 5,
            "nQuads": 0,
            "end_perf": [
                0.29558777809143066,
                0.077107999999999996,
                0.046265000000000001,
                283300,
                283304,
                14281374568155,
                4294967297,
                0
            ],
            "nMops": 0
        },
        "std": {
            "Compiled": "Yes",
            "start_perf": [
                0.29563784599304199,
                0.077138999999999999,
                0.046282999999999998,
                283300,
                283304,
                1583250149.050252,
                14281374704706
            ],
            "child_modules": {},
            "Compiled Times": 7,
            "nRouts": 33,
            "nQuads": 213,
            "end_perf": [
                0.29775691032409668,
                0.079187999999999995,
                0.046353999999999999,
                283300,
                283304,
                14281381487472,
                8589934594,
                0
            ],
            "svclass": [
                "$vcs_nba_dyn_obj",
                0,
                37,
                2,
                2,
                0,
                "sigprop$$",
                0,
                37,
                2,
                2,
                0,
                "process",
                0,
                184,
                8,
                8,
                0,
                "event",
                0,
                36,
                2,
                2,
                0,
                "mailbox",
                0,
                99,
                9,
                9,
                0,
                "semaphore",
                0,
                69,
                5,
                5,
                0
            ],
            "nMops": 462
        },
        "RS_Line_0000": {
            "Compiled": "Yes",
            "start_perf": [
                0.29780697822570801,
                0.079218999999999998,
                0.046371999999999997,
                283300,
                283304,
                1583250149.0524211,
                14281381629867
            ],
            "Compiled Times": 7,
            "child_modules": {},
            "nRouts": 60,
            "nQuads": 664,
            "end_perf": [
                0.30281877517700195,
                0.083109000000000002,
                0.046385999999999997,
                283300,
                283304,
                14281397649362,
                12884901889,
                0
            ],
            "nMops": 2174
        },
        "RS_0000": {
            "Compiled": "Yes",
            "start_perf": [
                0.30286598205566406,
                0.083139000000000005,
                0.046403,
                283300,
                283304,
                1583250149.0574801,
                14281397778735
            ],
            "child_modules": {
                "RS_Line_0000": 16
            },
            "Compiled Times": 7,
            "significant_routs": [
                [
                    8,
                    "R_VCSgd_vG3v3_8",
                    4410159,
                    2582,
                    472
                ],
                [
                    10,
                    "R_VCSgd_vG3v3_a",
                    12567265,
                    11980,
                    1987
                ],
                [
                    22,
                    "R_VCSgd_vG3v3_16",
                    9027766,
                    8560,
                    1338
                ]
            ],
            "nRouts": 318,
            "nQuads": 4206,
            "end_perf": [
                0.3492729663848877,
                0.12707499999999999,
                0.048875000000000002,
                283300,
                283324,
                14281545984651,
                17179869185,
                0
            ],
            "nMops": 15636
        },
        "testbench": {
            "Compiled": "Yes",
            "start_perf": [
                0.34934091567993164,
                0.12707499999999999,
                0.048939999999999997,
                283300,
                283324,
                1583250149.103955,
                14281546130632
            ],
            "Compiled Times": 7,
            "child_modules": {
                "RS_0000": 1
            },
            "nRouts": 85,
            "nQuads": 564,
            "end_perf": [
                0.3525698184967041,
                0.12956200000000001,
                0.049681000000000003,
                283300,
                283324,
                14281556450193,
                21474836481,
                0
            ],
            "nMops": 1357
        }
    },
    "reusePaths": {
        "amcQw_d": {
            "icPath": "csrc"
        },
        "reYIK_d": {
            "icPath": "csrc"
        },
        "Z4jCT_d": {
            "icPath": "csrc"
        },
        "iAVhC_d": {
            "icPath": "csrc"
        }
    },
    "CompUnits": {
        "tpLuY_d": {
            "mod": "_vcs_unit__773399399",
            "out": "tpLuY_d.o",
            "bytes": 22792,
            "text": 220,
            "mode": 4,
            "archive": "archive.6/_26410_archive_1.a",
            "checksum": 0
        },
        "vG3v3_d": {
            "mod": "RS_0000",
            "out": "vG3v3_d.o",
            "bytes": 128774,
            "text": 83100,
            "mode": 4,
            "archive": "archive.6/_26410_archive_1.a",
            "checksum": 0
        }
    },
    "ObjArchives": [
        {
            "archive": "archive.6/_26410_archive_1.a",
            "objects": [
                [
                    "tpLuY_d.o",
                    22792
                ],
                [
                    "vG3v3_d.o",
                    128774
                ],
                [
                    "amcQwB.o",
                    70916
                ]
            ],
            "size": 222482
        }
    ],
    "stat": {
        "ru_childs_end": {
            "ru_utime_sec": 0.015061,
            "ru_nivcsw": 8,
            "ru_stime_sec": 0.0077790000000000003,
            "ru_nvcsw": 23,
            "ru_majflt": 0,
            "ru_minflt": 6934,
            "ru_maxrss_kb": 28548
        },
        "ru_self_end": {
            "ru_utime_sec": 0.13261200000000001,
            "ru_nivcsw": 11,
            "ru_stime_sec": 0.057529999999999998,
            "ru_nvcsw": 771,
            "ru_majflt": 0,
            "ru_minflt": 28899,
            "ru_maxrss_kb": 91180
        },
        "cpu_cycles_end": 14281647447943,