{
    "stat": {
        "peak_mem_kb": 243892,
        "ru_self_end": {
            "ru_majflt": 0,
            "ru_maxrss_kb": 76140,
            "ru_utime_sec": 0.097137000000000001,
            "ru_stime_sec": 0.092280000000000001,
            "ru_minflt": 29105,
            "ru_nvcsw": 178,
            "ru_nivcsw": 15
        },
        "ru_childs_end": {
            "ru_majflt": 0,
            "ru_maxrss_kb": 18992,
            "ru_utime_sec": 0.015335,
            "ru_stime_sec": 0.028858999999999999,
            "ru_minflt": 6944,
            "ru_nvcsw": 20,
            "ru_nivcsw": 8
        },
        "cpu_cycles_end": 14171542833668244
    },
    "Modules": {
        "testbench": {
            "start_perf": [
                0.30222201347351074,
                0.085346000000000005,
                0.081466999999999998,
                243868,
                243872,
                1585631115.5458989,
                14171542755159840
            ],
            "child_modules": {},
            "Compiled": "Yes",
            "Compiled Times": 16,
            "end_perf": [
                0.31218910217285156,
                0.094216999999999995,
                0.082560999999999996,
                243868,
                243892,
                14171542777064496,
                17179869185,
                0
            ],
            "nMops": 1091,
            "nQuads": 387,
            "nRouts": 41
        },
        "...MASTER...": {
            "start_perf": [
                0.27692604064941406,
                0.079944000000000001,
                0.072145000000000001,
                241900,
                243476,
                1585631115.5206029,
                14171542699651144
            ],
            "child_modules": {
                "_vcs_unit__451322518": 1,
                "std": 1,
                "testbench": 1
            },
            "end_perf": [
                0.29156804084777832,
                0.081184999999999993,
                0.077272999999999994,
                241912,
                243476,
                14171542731840692,
                0,
                0
            ],
            "nMops": 0,
            "nQuads": 0,
            "nRouts": 5
        },
        "_vcs_unit__451322518": {
            "start_perf": [
                0.2917330265045166,
                0.081184999999999993,
                0.077438000000000007,
                241912,
                243476,
                1585631115.5354099,
                14171542732143300
            ],
            "child_modules": {},
            "Compiled": "Yes",
            "Compiled Times": 16,
            "end_perf": [
                0.29844999313354492,
                0.082489000000000007,
                0.080547999999999995,
                243868,
                243872,
                14171542747219324,
                4294967297,
                0
            ],
            "nMops": 0,
            "nQuads": 0,
            "nRouts": 5
        },
        "std": {
            "start_perf": [
                0.29866600036621094,
                0.082489000000000007,
                0.080768000000000006,
                243868,
                243872,
                1585631115.5423429,
                14171542747383178
            ],
            "child_modules": {},
            "Compiled": "Yes",
            "Compiled Times": 16,
            "end_perf": [
                0.30215001106262207,
                0.085308999999999996,
                0.081431000000000003,
                243868,
                243872,
                14171542755024576,
                8589934594,
                0
            ],
            "nRouts": 33,
            "svclass": [
                "$vcs_nba_dyn_obj",
                0,
                37,
                2,
                2,
                0,
                "sigprop$$",
                0,
                37,
                2,
                2,
                0,
                "process",
                0,
                184,
                8,
                8,
                0,
                "event",
                0,
                36,
                2,
                2,
                0,
                "mailbox",
                0,
                99,
                9,
                9,
                0,
                "semaphore",
                0,
                69,
                5,
                5,
                0
            ],
            "nMops": 462,
            "nQuads": 213
        }
    },
    "CompUnits": {
        "iAVhC_d": {
            "mod": "testbench",
            "bytes": 23222,
            "out": "iAVhC_d.o",
            "text": 6816,
            "checksum": 0,
            "mode": 4,
            "archive": "archive.15/_31242_archive_1.a"
        },
        "S56ij_d": {
            "mod": "_vcs_unit__451322518",
            "bytes": 22548,
            "out": "S56ij_d.o",
            "text": 205,
            "checksum": 0,
            "mode": 4,
            "archive": "archive.15/_31242_archive_1.a"
        }
    },
    "ObjArchives": [
        {
            "archive": "archive.15/_31242_archive_1.a",
            "objects": [
                [
                    "S56ij_d.o",
                    22548
                ],
                [
                    "iAVhC_d.o",
                    23222
                ],
                [
                    "amcQwB.o",
                    67898
                ]
            ],
            "size": 113668
        }
    ],
    "reusePaths": {
        "amcQw_d": {
            "icPath": "csrc"
        },
        "reYIK_d": {
            "icPath": "csrc"
        }
    }
}