{
    "cycles_program_begin": 5382428235671068,
    "incremental": "on",
    "MlibObjs": {},
    "CompileProcesses": [
        "cgproc.7862.json"
    ],
    "perf": [
        [
            0.1881098747253418,
            0.076654,
            0.057235000000000001,
            228716,
            229364,
            1586821191.696667,
            5382428571618238,
            "doParsingAndDesignResolution",
            "entry"
        ],
        [
            0.42605686187744141,
            0.26969199999999999,
            0.083524000000000001,
            246384,
            247032,
            1586821191.9346139,
            5382429093867506,
            "doParsingAndDesignResolution",
            "exit"
        ],
        [
            0.45043802261352539,
            0.2777,
            0.084823999999999997,
            246384,
            247032,
            1586821191.9589951,
            5382429147359382,
            "doPostDesignResolutionToVir2Vcs",
            "entry"
        ],
        [
            0.84306502342224121,
            0.57341399999999998,
            0.096915000000000001,
            251056,
            251060,
            1586821192.3516221,
            5382430009114016,
            "doUptoVir2VcsNoSepCleanup",
            "entry"
        ],
        [
            3.0776448249816895,
            2.1965270000000001,
            0.362738,
            268448,
            268468,
            1586821194.5862019,
            5382434913673236,
            "doUptoVir2VcsNoSepCleanup",
            "exit"
        ],
        [
            3.0778958797454834,
            2.1967810000000001,
            0.362738,
            268448,
            268468,
            1586821194.586453,
            5382434914108978,
            "doRadify_vir2vcsAll",
            "entry"
        ],
        [
            3.341033935546875,
            2.2981150000000001,
            0.37331799999999998,
            268448,
            268468,
            1586821194.849591,
            5382435491759088,
            "doRadify_vir2vcsAll",
            "exit"
        ],
        [
            3.3411388397216797,
            2.2982070000000001,
            0.37333300000000003,
            268448,
            268468,
            1586821194.8496959,
            5382435491882130,
            "doPostDesignResolutionToVir2Vcs",
            "exit"
        ],
        [
            3.3411898612976074,
            2.298251,
            0.37334000000000001,
            268448,
            268468,
            1586821194.8497469,
            5382435491992838,
            "doGAToPass2",
            "entry"
        ],
        [
            3.577631950378418,
            2.306867,
            0.38062800000000002,
            265332,
            268468,
            1586821195.086189,
            5382436011022388,
            "DoPass2",
            "entry"
        ],
        [
            8.079887866973877,
            5.5719560000000001,
            0.53389299999999995,
            281444,
            281472,
            1586821199.5884449,
            5382445892699578,
            "DoPass2",
            "exit"
        ]
    ],
    "PrevCompiledModules": {
        "RS_Line_0000": {
            "Z4jCT_d": {
                "mode": 4,
                "mod": "RS_Line_0000",
                "bytes": 29480,
                "checksum": 0,
                "archive": "archive.9/_7862_archive_1.a",
                "out": "Z4jCT_d.o"
            }
        },
        "rob": {
            "vtxDx_d": {
                "mode": 4,
                "mod": "rob",
                "bytes": 70308,
                "checksum": 0,
                "archive": "archive.9/_7862_archive_1.a",
                "out": "vtxDx_d.o"
            }
        },
        "mem": {
            "FSbWZ_d": {
                "mode": 4,
                "mod": "mem",
                "bytes": 42842,
                "checksum": 0,
                "archive": "archive.9/_7862_archive_1.a",
                "out": "FSbWZ_d.o"
            }
        },
        "wand_sel_0000": {
            "hckDL_d": {
                "mode": 4,
                "mod": "wand_sel_0000",
                "bytes": 242020,
                "checksum": 0,
                "archive": "archive.9/_7862_archive_1.a",
                "out": "hckDL_d.o"
            }
        },
        "mult_stage": {
            "aUVMg_d": {
                "mode": 4,
                "mod": "mult_stage",
                "bytes": 17678,
                "checksum": 0,
                "archive": "archive.9/_7862_archive_1.a",
                "out": "aUVMg_d.o"
            }
        },
        "processor_0000": {
            "UzNI6_d": {
                "mode": 4,
                "mod": "processor_0000",
                "bytes": 430498,
                "out": "UzNI6_d.o",
                "checksum": 0,
                "archive": "archive.9/_7862_archive_1.a"
            }
        },
        "rs_psel_gen_0000": {
            "xjVMK_d": {
                "mode": 4,
                "mod": "rs_psel_gen_0000",
                "bytes": 40360,
                "checksum": 0,
                "archive": "archive.9/_7862_archive_1.a",
                "out": "xjVMK_d.o"
            }
        },
        "lq_ps_in_0000": {
            "gqQ8q_d": {
                "mode": 4,
                "mod": "lq_ps_in_0000",
                "bytes": 318954,
                "checksum": 0,
                "archive": "archive.9/_7862_archive_1.a",
                "out": "gqQ8q_d.o"
            }
        },
        "std": {
            "reYIK_d": {
                "mode": 4,
                "mod": "std",
                "bytes": 33972,
                "checksum": 0,
                "archive": "archive.9/_7862_archive_1.a",
                "out": "reYIK_d.o"
            }
        },
        "testbench": {
            "iAVhC_d": {
                "mode": 4,
                "mod": "testbench",
                "bytes": 73412,
                "checksum": 0,
                "archive": "archive.9/_7862_archive_1.a",
                "out": "iAVhC_d.o"
            }
        },
        "ar_wand_sel_0000": {
            "sYgZs_d": {
                "mode": 4,
                "mod": "ar_wand_sel_0000",
                "bytes": 61828,
                "checksum": 0,
                "archive": "archive.9/_7862_archive_1.a",
                "out": "sYgZs_d.o"
            }
        },
        "ex_stage_0000": {
            "tmdK7_d": {
                "mode": 4,
                "mod": "ex_stage_0000",
                "bytes": 37452,
                "checksum": 0,
                "archive": "archive.9/_7862_archive_1.a",
                "out": "tmdK7_d.o"
            }
        },
        "lq_wand_sel_0000": {
            "RCLGV_d": {
                "mode": 4,
                "mod": "lq_wand_sel_0000",
                "bytes": 61820,
                "checksum": 0,
                "archive": "archive.9/_7862_archive_1.a",
                "out": "RCLGV_d.o"
            }
        },
        "store_queue_0000": {
            "fNfNe_d": {
                "mode": 4,
                "mod": "store_queue_0000",
                "bytes": 902054,
                "checksum": 0,
                "archive": "archive.9/_7862_archive_1.a",
                "out": "fNfNe_d.o"
            }
        },
        "brcond": {
            "VqGv5_d": {
                "mode": 4,
                "mod": "brcond",
                "bytes": 10732,
                "checksum": 0,
                "archive": "archive.9/_7862_archive_1.a",
                "out": "VqGv5_d.o"
            }
        },
        "DMEM_0000": {
            "BaCRA_d": {
                "mode": 4,
                "mod": "DMEM_0000",
                "bytes": 2136080,
                "checksum": 0,
                "archive": "archive.9/_7862_archive_1.a",
                "out": "BaCRA_d.o"
            }
        },
        "wand_sel_0001": {
            "ci1CE_d": {
                "mode": 4,