{
    "cycles_program_begin": 16955777446683546,
    "cpu_cycles_pass2_start": 16955785876789540,
    "perf": [
        [
            0.19495391845703125,
            0.066117999999999996,
            0.041704999999999999,
            228716,
            229364,
            1586899658.9554329,
            16955777818463520,
            "doParsingAndDesignResolution",
            "entry"
        ],
        [
            0.52214694023132324,
            0.257353,
            0.061322000000000002,
            246588,
            247236,
            1586899659.2826259,
            16955778536614516,
            "doParsingAndDesignResolution",
            "exit"
        ],
        [
            0.56178712844848633,
            0.26481100000000002,
            0.063433000000000003,
            246588,
            247236,
            1586899659.3222661,
            16955778623598500,
            "doPostDesignResolutionToVir2Vcs",
            "entry"
        ],
        [
            1.0679810047149658,
            0.55661300000000002,
            0.086465,
            251260,
            251264,
            1586899659.82846,
            16955779735001240,
            "doUptoVir2VcsNoSepCleanup",
            "entry"
        ],
        [
            3.5800330638885498,
            2.276637,
            0.38871800000000001,
            269652,
            269672,
            1586899662.340512,
            16955785248143814,
            "doUptoVir2VcsNoSepCleanup",
            "exit"
        ],
        [
            3.5802121162414551,
            2.2767919999999999,
            0.38874399999999998,
            269652,
            269672,
            1586899662.3406911,
            16955785248450160,
            "doRadify_vir2vcsAll",
            "entry"
        ],
        [
            3.7308340072631836,
            2.3727830000000001,
            0.40093499999999999,
            269652,
            269672,
            1586899662.491313,
            16955785579129254,
            "doRadify_vir2vcsAll",
            "exit"
        ],
        [
            3.7309310436248779,
            2.372868,
            0.40094999999999997,
            269652,
            269672,
            1586899662.49141,
            16955785579274256,
            "doPostDesignResolutionToVir2Vcs",
            "exit"
        ],
        [
            3.7309930324554443,
            2.3729209999999998,
            0.40095900000000001,
            269652,
            269672,
            1586899662.491472,
            16955785579380002,
            "doGAToPass2",
            "entry"
        ],
        [
            3.8664309978485107,
            2.3794460000000002,
            0.411999,
            266536,
            269672,
            1586899662.62691,
            16955785876728906,
            "DoPass2",
            "entry"
        ],
        [
            5.906080961227417,
            3.8974739999999999,
            0.48519099999999998,
            276828,
            276856,
            1586899664.6665599,
            16955790353639016,
            "DoPass2",
            "exit"
        ]
    ],
    "CompileStrategy": "fullobj",
    "stat": {
        "ru_childs_end": {
            "ru_utime_sec": 0.017342,
            "ru_majflt": 0,
            "ru_minflt": 6949,
            "ru_maxrss_kb": 47868,
            "ru_stime_sec": 0.034894000000000001,
            "ru_nivcsw": 10,
            "ru_nvcsw": 19
        },
        "ru_self_cgstart": {
            "ru_utime_sec": 2.3796020000000002,
            "ru_majflt": 0,
            "ru_minflt": 34542,
            "ru_maxrss_kb": 102244,
            "ru_stime_sec": 0.412026,
            "ru_nivcsw": 199,
            "ru_nvcsw": 1715
        },
        "cpu_cycles_total": 13294270402,
        "peak_mem_kb": 276856,
        "CodeGen(%)": 38.833168865483152,
        "nQuads": 253709,
        "ru_childs_cgstart": {
            "ru_utime_sec": 0.017342,
            "ru_majflt": 0,
            "ru_minflt": 6352,
            "ru_maxrss_kb": 47444,
            "ru_stime_sec": 0.027413,
            "ru_nivcsw": 7,
            "ru_nvcsw": 17
        },
        "cpu_cycles_cgstart": 16955785876983632,
        "quadSpeed": 166721.31847767875,
        "nMops": 717943,
        "cpu_cycles_end": 16955790740953948,
        "totalObjSize": 1032548,
        "ru_self_end": {
            "ru_utime_sec": 3.901357,
            "ru_majflt": 0,
            "ru_minflt": 47039,
            "ru_maxrss_kb": 119176,
            "ru_stime_sec": 0.52276699999999998,
            "ru_nivcsw": 255,
            "ru_nvcsw": 2149
        },
        "mopSpeed": 471786.19422968884,
        "outputSizePerQuad": 4.0698122652330033,
        "mop/quad": 2.8297892467354333,
        "Frontend(%)": 61.166831134516841,
        "realTime": 6.0828099250793457
    },
    "NameTable": {
        "_vcs_unit__4293599388": [
            "_vcs_unit__4293599388",
            "PGa5H",
            "module",
            1
        ],
        "std": [
            "std",
            "reYIK",
            "module",
            2
        ],
        "ex_stage_0000": [
            "ex_stage_0000",
            "tmdK7",
            "module",
            12
        ],
        "mem": [
            "mem",
            "FSbWZ",
            "module",
            3
        ],
        "arbiter_rr_0000": [
            "arbiter_rr_0000",
            "Tjq5i",
            "module",
            5
        ],
        "testbench": [
            "testbench",
            "iAVhC",
            "module",
            4
        ],
        "brcond": [
            "brcond",
            "VqGv5",
            "module",
            11
        ],
        "ar_wand_sel_0000": [
            "ar_wand_sel_0000",
            "sYgZs",
            "module",
            6
        ],
        "lq_ps_in_0000": [
            "lq_ps_in_0000",
            "gqQ8q",
            "module",
            14
        ],
        "decoder": [
            "decoder",
            "zf0bY",
            "module",
            13
        ],
        "dcache_ctrl_0000": [
            "dcache_ctrl_0000",
            "j2LDI",
            "module",
            7
        ],
        "dcache_0000": [
            "dcache_0000",
            "Nmdq6",
            "module",
            8
        ],
        "freelist_psel_gen_0000": [
            "freelist_psel_gen_0000",
            "L652r",
            "module",
            22
        ],
        "DMEM_0000": [
            "DMEM_0000",
            "BaCRA",
            "module",
            9
        ],
        "alu": [
            "alu",
            "C26kq",
            "module",
            10
        ],
        "lq_wand_sel_0000": [
            "lq_wand_sel_0000",
            "RCLGV",
            "module",
            15
        ],
        "rob": [
            "rob",
            "vtxDx",
            "module",
            18
        ],
        "mult_stage": [
            "mult_stage",
            "aUVMg",
            "module",
            16
        ],
        "processor_0000": [
            "processor_0000",
            "UzNI6",
            "module",
            17
        ],
        "RS_Line_0000": [
            "RS_Line_0000",
            "Z4jCT",
            "module",
            19
        ],
        "RS_0000": [
            "RS_0000",
            "vG3v3",
            "module",
            20
        ],
        "store_queue_0000": [
            "store_queue_0000",
            "fNfNe",
            "module",
            21
        ],
        "rs_psel_gen_0000": [
            "rs_psel_gen_0000",
            "xjVMK",
            "module",
            23
        ],
        "wand_sel_0000": [
            "wand_sel_0000",
            "hckDL",
            "module",
            24
        ],
        "wand_sel_0001": [
            "wand_sel_0001",
            "ci1CE",
            "module",
            25
        ],
        "...MASTER...": [
            "SIM",
            "amcQw",
            "module",
            26
        ]
    },