{
    "cycles_program_begin": 14469470244000836,
    "perf": [
        [
            0.19194602966308594,
            0.049799999999999997,
            0.050796000000000001,
            228660,
            229308,
            1585766856.291795,
            14469470556731140,
            "doParsingAndDesignResolution",
            "entry"
        ],
        [
            0.27308797836303711,
            0.119851,
            0.060923999999999999,
            234380,
            235028,
            1585766856.372937,
            14469470734815218,
            "doParsingAndDesignResolution",
            "exit"
        ],
        [
            0.28229212760925293,
            0.12427199999999999,
            0.063138,
            234380,
            235028,
            1585766856.3821411,
            14469470754995054,
            "doPostDesignResolutionToVir2Vcs",
            "entry"
        ],
        [
            0.38045692443847656,
            0.195377,
            0.078213000000000005,
            238992,
            238996,
            1585766856.4803059,
            14469470970433832,
            "doUptoVir2VcsNoSepCleanup",
            "entry"
        ],
        [
            0.67900896072387695,
            0.410854,
            0.11407,
            249228,
            249248,
            1585766856.7788579,
            14469471625734056,
            "doUptoVir2VcsNoSepCleanup",
            "exit"
        ],
        [
            0.67916703224182129,
            0.41097899999999998,
            0.114104,
            249228,
            249248,
            1585766856.779016,
            14469471626002514,
            "doRadify_vir2vcsAll",
            "entry"
        ],
        [
            0.70715093612670898,
            0.43154300000000001,
            0.118976,
            249228,
            249248,
            1585766856.8069999,
            14469471687486852,
            "doRadify_vir2vcsAll",
            "exit"
        ],
        [
            0.70723891258239746,
            0.431614,
            0.118996,
            249228,
            249248,
            1585766856.8070879,
            14469471687613418,
            "doPostDesignResolutionToVir2Vcs",
            "exit"
        ],
        [
            0.70729398727416992,
            0.43165700000000001,
            0.119008,
            249228,
            249248,
            1585766856.807143,
            14469471687729126,
            "doGAToPass2",
            "entry"
        ],
        [
            0.76572012901306152,
            0.43279000000000001,
            0.12610399999999999,
            247412,
            249248,
            1585766856.8655691,
            14469471816024190,
            "DoPass2",
            "entry"
        ],
        [
            1.1375129222869873,
            0.73345499999999997,
            0.170988,
            249388,
            249416,
            1585766857.2373619,
            14469472632021360,
            "DoPass2",
            "exit"
        ]
    ],
    "NameTable": {
        "decoder": [
            "decoder",
            "zf0bY",
            "module",
            8
        ],
        "_vcs_unit__1327612396": [
            "_vcs_unit__1327612396",
            "jqQHP",
            "module",
            1
        ],
        "RS_0000": [
            "RS_0000",
            "vG3v3",
            "module",
            13
        ],
        "testbench": [
            "testbench",
            "iAVhC",
            "module",
            4
        ],
        "rob": [
            "rob",
            "vtxDx",
            "module",
            11
        ],
        "std": [
            "std",
            "reYIK",
            "module",
            2
        ],
        "mem": [
            "mem",
            "FSbWZ",
            "module",
            3
        ],
        "wand_sel_0000": [
            "wand_sel_0000",
            "hckDL",
            "module",
            15
        ],
        "brcond": [
            "brcond",
            "VqGv5",
            "module",
            6
        ],
        "ex_stage_0000": [
            "ex_stage_0000",
            "tmdK7",
            "module",
            7
        ],
        "alu": [
            "alu",
            "C26kq",
            "module",
            5
        ],
        "mult_stage": [
            "mult_stage",
            "aUVMg",
            "module",
            9
        ],
        "rs_psel_gen_0000": [
            "rs_psel_gen_0000",
            "xjVMK",
            "module",
            14
        ],
        "processor_0000": [
            "processor_0000",
            "UzNI6",
            "module",
            10
        ],
        "wand_sel_0001": [
            "wand_sel_0001",
            "ci1CE",
            "module",
            16
        ],
        "RS_Line_0000": [
            "RS_Line_0000",
            "Z4jCT",
            "module",
            12
        ],
        "...MASTER...": [
            "SIM",
            "amcQw",
            "module",
            17
        ]
    },
    "PrevCompiledModules": {
        "RS_0000": {
            "vG3v3_d": {
                "archive": "archive.11/_prev_archive_1.a",
                "bytes": 84846,
                "mode": 4,
                "mod": "RS_0000",
                "out": "vG3v3_d.o",
                "checksum": 0
            }
        },
        "testbench": {
            "iAVhC_d": {
                "archive": "archive.11/_prev_archive_1.a",
                "bytes": 61100,
                "mode": 4,
                "mod": "testbench",
                "out": "iAVhC_d.o",
                "checksum": 0
            }
        },
        "rob": {
            "vtxDx_d": {
                "archive": "archive.11/_prev_archive_1.a",
                "bytes": 58644,
                "mode": 4,
                "mod": "rob",
                "out": "vtxDx_d.o",
                "checksum": 0
            }
        },
        "std": {
            "reYIK_d": {
                "archive": "archive.11/_prev_archive_1.a",
                "bytes": 33820,
                "mode": 4,
                "mod": "std",
                "out": "reYIK_d.o",
                "checksum": 0
            }
        },
        "brcond": {
            "VqGv5_d": {
                "archive": "archive.11/_prev_archive_1.a",
                "bytes": 10576,
                "mode": 4,
                "mod": "brcond",
                "out": "VqGv5_d.o",
                "checksum": 0
            }
        },
        "wand_sel_0000": {
            "hckDL_d": {
                "archive": "archive.11/_prev_archive_1.a",
                "bytes": 241864,
                "mode": 4,
                "mod": "wand_sel_0000",
                "out": "hckDL_d.o",
                "checksum": 0
            }
        },
        "mem": {
            "FSbWZ_d": {
                "archive": "archive.11/_prev_archive_1.a",
                "bytes": 21144,
                "mode": 4,
                "mod": "mem",
                "out": "FSbWZ_d.o",
                "checksum": 0
            }
        },
        "alu": {
            "C26kq_d": {
                "archive": "archive.11/_prev_archive_1.a",
                "bytes": 42556,
                "mode": 4,
                "mod": "alu",
                "out": "C26kq_d.o",
                "checksum": 0
            }
        },
        "rs_psel_gen_0000": {
            "xjVMK_d": {
                "archive": "archive.11/_prev_archive_1.a",
                "bytes": 40204,
                "mode": 4,
                "mod": "rs_psel_gen_0000",
                "out": "xjVMK_d.o",
                "checksum": 0
            }
        },
        "mult_stage": {
            "aUVMg_d": {
                "archive": "archive.11/_prev_archive_1.a",
                "bytes": 17522,
                "mode": 4,
                "mod": "mult_stage",
                "out": "aUVMg_d.o",
                "checksum": 0
            }
        },