{
    "cpu_cycles_pass2_start": 16965385934685554,
    "cycles_program_begin": 16965377847353512,
    "CompileStrategy": "fullobj",
    "perf": [
        [
            0.31216001510620117,
            0.060017000000000001,
            0.049487999999999997,
            228564,
            229364,
            1586904033.1730709,
            16965378474919722,
            "doParsingAndDesignResolution",
            "entry"
        ],
        [
            0.55353999137878418,
            0.243504,
            0.067242999999999997,
            246588,
            247236,
            1586904033.4144509,
            16965379004680226,
            "doParsingAndDesignResolution",
            "exit"
        ],
        [
            0.6058351993560791,
            0.25190299999999999,
            0.068330000000000002,
            246588,
            247236,
            1586904033.4667461,
            16965379119446070,
            "doPostDesignResolutionToVir2Vcs",
            "entry"
        ],
        [
            0.98134303092956543,
            0.54013100000000003,
            0.082641999999999993,
            251260,
            251264,
            1586904033.8422539,
            16965379943644170,
            "doUptoVir2VcsNoSepCleanup",
            "entry"
        ],
        [
            3.5160610675811768,
            2.099132,
            0.35571700000000001,
            269656,
            269676,
            1586904036.376972,
            16965385506914888,
            "doUptoVir2VcsNoSepCleanup",
            "exit"
        ],
        [
            3.5162081718444824,
            2.099259,
            0.355738,
            269656,
            269676,
            1586904036.3771191,
            16965385507237570,
            "doRadify_vir2vcsAll",
            "entry"
        ],
        [
            3.6312060356140137,
            2.1891479999999999,
            0.36569499999999999,
            269656,
            269676,
            1586904036.4921169,
            16965385759672046,
            "doRadify_vir2vcsAll",
            "exit"
        ],
        [
            3.6313102245330811,
            2.1891479999999999,
            0.36580200000000002,
            269656,
            269676,
            1586904036.4922211,
            16965385759803854,
            "doPostDesignResolutionToVir2Vcs",
            "exit"
        ],
        [
            3.6313660144805908,
            2.1891479999999999,
            0.36585800000000002,
            269656,
            269676,
            1586904036.4922769,
            16965385759937354,
            "doGAToPass2",
            "entry"
        ],
        [
            3.7109420299530029,
            2.195875,
            0.37485600000000002,
            266540,
            269676,
            1586904036.5718529,
            16965385934656348,
            "DoPass2",
            "entry"
        ],
        [
            8.4343471527099609,
            5.448245,
            0.52359999999999995,
            283556,
            283584,
            1586904041.295258,
            16965396301707634,
            "DoPass2",
            "exit"
        ]
    ],
    "MlibObjs": {},
    "CurCompileUdps": {},
    "NameTable": {
        "rob": [
            "rob",
            "vtxDx",
            "module",
            18
        ],
        "_vcs_unit__4293599388": [
            "_vcs_unit__4293599388",
            "PGa5H",
            "module",
            1
        ],
        "arbiter_rr_0000": [
            "arbiter_rr_0000",
            "Tjq5i",
            "module",
            5
        ],
        "decoder": [
            "decoder",
            "zf0bY",
            "module",
            13
        ],
        "freelist_psel_gen_0000": [
            "freelist_psel_gen_0000",
            "L652r",
            "module",
            22
        ],
        "std": [
            "std",
            "reYIK",
            "module",
            2
        ],
        "mem": [
            "mem",
            "FSbWZ",
            "module",
            3
        ],
        "...MASTER...": [
            "SIM",
            "amcQw",
            "module",
            26
        ],
        "dcache_ctrl_0000": [
            "dcache_ctrl_0000",
            "j2LDI",
            "module",
            7
        ],
        "ex_stage_0000": [
            "ex_stage_0000",
            "tmdK7",
            "module",
            12
        ],
        "testbench": [
            "testbench",
            "iAVhC",
            "module",
            4
        ],
        "rs_psel_gen_0000": [
            "rs_psel_gen_0000",
            "xjVMK",
            "module",
            23
        ],
        "processor_0000": [
            "processor_0000",
            "UzNI6",
            "module",
            17
        ],
        "ar_wand_sel_0000": [
            "ar_wand_sel_0000",
            "sYgZs",
            "module",
            6
        ],
        "dcache_0000": [
            "dcache_0000",
            "Nmdq6",
            "module",
            8
        ],
        "lq_ps_in_0000": [
            "lq_ps_in_0000",
            "gqQ8q",
            "module",
            14
        ],
        "DMEM_0000": [
            "DMEM_0000",
            "BaCRA",
            "module",
            9
        ],
        "alu": [
            "alu",
            "C26kq",
            "module",
            10
        ],
        "brcond": [
            "brcond",
            "VqGv5",
            "module",
            11
        ],
        "lq_wand_sel_0000": [
            "lq_wand_sel_0000",
            "RCLGV",
            "module",
            15
        ],
        "mult_stage": [
            "mult_stage",
            "aUVMg",
            "module",
            16
        ],
        "RS_Line_0000": [
            "RS_Line_0000",
            "Z4jCT",
            "module",
            19
        ],
        "RS_0000": [
            "RS_0000",
            "vG3v3",
            "module",
            20
        ],
        "store_queue_0000": [
            "store_queue_0000",
            "fNfNe",
            "module",
            21
        ],
        "wand_sel_0000": [
            "wand_sel_0000",
            "hckDL",
            "module",
            24
        ],
        "wand_sel_0001": [
            "wand_sel_0001",
            "ci1CE",
            "module",
            25
        ]
    },
    "PrevCompiledModules": {
        "_vcs_unit__4293599388": {
            "PGa5H_d": {
                "mode": 4,
                "bytes": 34710,
                "out": "PGa5H_d.o",
                "mod": "_vcs_unit__4293599388",
                "checksum": 0,
                "archive": "archive.4/_32290_archive_1.a"
            }
        },
        "rob": {
            "vtxDx_d": {
                "mode": 4,
                "bytes": 70308,
                "out": "vtxDx_d.o",
                "mod": "rob",
                "checksum": 0,
                "archive": "archive.4/_32290_archive_1.a"
            }
        },
        "mem": {
            "FSbWZ_d": {
                "mode": 4,
                "bytes": 42842,
                "out": "FSbWZ_d.o",
                "mod": "mem",
                "checksum": 0,
                "archive": "archive.4/_32290_archive_1.a"
            }
        },
        "processor_0000": {
            "UzNI6_d": {
                "mode": 4,
                "bytes": 434214,
                "out": "UzNI6_d.o",
                "mod": "processor_0000",
                "checksum": 0,
                "archive": "archive.4/_32290_archive_1.a"
            }
        },
        "rs_psel_gen_0000": {
            "xjVMK_d": {
                "mode": 4,
                "bytes": 40360,
                "out": "xjVMK_d.o",
                "mod": "rs_psel_gen_0000",
                "checksum": 0,
                "archive": "archive.4/_32290_archive_1.a"
            }
        },
        "ar_wand_sel_0000": {
            "sYgZs_d": {
                "mode": 4,