{
    "cycles_program_begin": 14482047604134616,
    "perf": [
        [
            0.15494394302368164,
            0.050716999999999998,
            0.043755000000000002,
            228660,
            229308,
            1585772586.7316909,
            14482047892942720,
            "doParsingAndDesignResolution",
            "entry"
        ],
        [
            0.23345613479614258,
            0.117163,
            0.055077000000000001,
            234380,
            235028,
            1585772586.8102031,
            14482048065269894,
            "doParsingAndDesignResolution",
            "exit"
        ],
        [
            0.24318814277648926,
            0.121781,
            0.056897000000000003,
            234380,
            235028,
            1585772586.8199351,
            14482048086590060,
            "doPostDesignResolutionToVir2Vcs",
            "entry"
        ],
        [
            0.33557009696960449,
            0.19121199999999999,
            0.073325000000000001,
            238992,
            238996,
            1585772586.912317,
            14482048289354756,
            "doUptoVir2VcsNoSepCleanup",
            "entry"
        ],
        [
            0.63051605224609375,
            0.40463399999999999,
            0.108239,
            249228,
            249248,
            1585772587.207263,
            14482048936712892,
            "doUptoVir2VcsNoSepCleanup",
            "exit"
        ],
        [
            0.63065004348754883,
            0.40463399999999999,
            0.108386,
            249228,
            249248,
            1585772587.207397,
            14482048936938022,
            "doRadify_vir2vcsAll",
            "entry"
        ],
        [
            0.65753602981567383,
            0.422074,
            0.11483599999999999,
            249228,
            249248,
            1585772587.234283,
            14482048996005534,
            "doRadify_vir2vcsAll",
            "exit"
        ],
        [
            0.65761494636535645,
            0.42213699999999998,
            0.114853,
            249228,
            249248,
            1585772587.2343619,
            14482048996127232,
            "doPostDesignResolutionToVir2Vcs",
            "exit"
        ],
        [
            0.6576690673828125,
            0.42217900000000003,
            0.11486499999999999,
            249228,
            249248,
            1585772587.234416,
            14482048996242072,
            "doGAToPass2",
            "entry"
        ],
        [
            0.71453309059143066,
            0.42621500000000001,
            0.12091200000000001,
            247412,
            249248,
            1585772587.29128,
            14482049121105756,
            "DoPass2",
            "entry"
        ],
        [
            0.98819899559020996,
            0.63346100000000005,
            0.155586,
            249388,
            249416,
            1585772587.5649459,
            14482049721746994,
            "DoPass2",
            "exit"
        ]
    ],
    "cpu_cycles_pass2_start": 14482049121139724,
    "NameTable": {
        "RS_0000": [
            "RS_0000",
            "vG3v3",
            "module",
            13
        ],
        "_vcs_unit__1327612396": [
            "_vcs_unit__1327612396",
            "jqQHP",
            "module",
            1
        ],
        "ex_stage_0000": [
            "ex_stage_0000",
            "tmdK7",
            "module",
            7
        ],
        "std": [
            "std",
            "reYIK",
            "module",
            2
        ],
        "rob": [
            "rob",
            "vtxDx",
            "module",
            11
        ],
        "alu": [
            "alu",
            "C26kq",
            "module",
            5
        ],
        "mem": [
            "mem",
            "FSbWZ",
            "module",
            3
        ],
        "wand_sel_0001": [
            "wand_sel_0001",
            "ci1CE",
            "module",
            16
        ],
        "mult_stage": [
            "mult_stage",
            "aUVMg",
            "module",
            9
        ],
        "decoder": [
            "decoder",
            "zf0bY",
            "module",
            8
        ],
        "testbench": [
            "testbench",
            "iAVhC",
            "module",
            4
        ],
        "brcond": [
            "brcond",
            "VqGv5",
            "module",
            6
        ],
        "processor_0000": [
            "processor_0000",
            "UzNI6",
            "module",
            10
        ],
        "RS_Line_0000": [
            "RS_Line_0000",
            "Z4jCT",
            "module",
            12
        ],
        "rs_psel_gen_0000": [
            "rs_psel_gen_0000",
            "xjVMK",
            "module",
            14
        ],
        "wand_sel_0000": [
            "wand_sel_0000",
            "hckDL",
            "module",
            15
        ],
        "...MASTER...": [
            "SIM",
            "amcQw",
            "module",
            17
        ]
    },
    "MlibObjs": {},
    "LVLData": [
        "SIM"
    ],
    "PrevCompiledModules": {
        "std": {
            "reYIK_d": {
                "bytes": 33820,
                "archive": "archive.18/_prev_archive_1.a",
                "checksum": 0,
                "mod": "std",
                "mode": 4,
                "out": "reYIK_d.o"
            }
        },
        "rob": {
            "vtxDx_d": {
                "bytes": 58644,
                "archive": "archive.18/_prev_archive_1.a",
                "checksum": 0,
                "mod": "rob",
                "mode": 4,
                "out": "vtxDx_d.o"
            }
        },
        "ex_stage_0000": {
            "tmdK7_d": {
                "bytes": 40258,
                "archive": "archive.18/_25736_archive_1.a",
                "checksum": 0,
                "mod": "ex_stage_0000",
                "out": "tmdK7_d.o",
                "mode": 4
            }
        },
        "mem": {
            "FSbWZ_d": {
                "bytes": 21144,
                "archive": "archive.18/_prev_archive_1.a",
                "checksum": 0,
                "mod": "mem",
                "mode": 4,
                "out": "FSbWZ_d.o"
            }
        },
        "wand_sel_0001": {
            "ci1CE_d": {
                "bytes": 61660,
                "archive": "archive.18/_prev_archive_1.a",
                "checksum": 0,
                "mod": "wand_sel_0001",
                "mode": 4,
                "out": "ci1CE_d.o"
            }
        },
        "mult_stage": {
            "aUVMg_d": {
                "bytes": 17522,
                "archive": "archive.18/_prev_archive_1.a",
                "checksum": 0,
                "mod": "mult_stage",
                "mode": 4,
                "out": "aUVMg_d.o"
            }
        },
        "...MASTER...": {
            "amcQw_d": {
                "bytes": 7866,
                "checksum": 0,
                "mod": "...MASTER...",
                "mode": 4,
                "out": "objs/amcQw_d.o"
            }
        },
        "rs_psel_gen_0000": {
            "xjVMK_d": {
                "bytes": 40204,
                "archive": "archive.18/_prev_archive_1.a",
                "checksum": 0,
                "mod": "rs_psel_gen_0000",
                "mode": 4,
                "out": "xjVMK_d.o"
            }
        },
        "testbench": {
            "iAVhC_d": {
                "bytes": 60994,
                "archive": "archive.18/_prev_archive_1.a",
                "checksum": 0,
                "mod": "testbench",
                "mode": 4,
                "out": "iAVhC_d.o"
            }
        },
        "decoder": {
            "zf0bY_d": {
                "bytes": 22328,
                "archive": "archive.18/_prev_archive_1.a",
                "checksum": 0,