{
    "cycles_program_begin": 14485619185723762,
    "PEModules": [],
    "MlibObjs": {},
    "perf": [
        [
            0.16118693351745605,
            0.057743999999999997,
            0.047613000000000003,
            228660,
            229308,
            1585774214.0064819,
            14485619482834672,
            "doParsingAndDesignResolution",
            "entry"
        ],
        [
            0.24279212951660156,
            0.12856999999999999,
            0.057704999999999999,
            234380,
            235028,
            1585774214.0880871,
            14485619661971998,
            "doParsingAndDesignResolution",
            "exit"
        ],
        [
            0.25342392921447754,
            0.13409699999999999,
            0.059042999999999998,
            234380,
            235028,
            1585774214.0987189,
            14485619685325622,
            "doPostDesignResolutionToVir2Vcs",
            "entry"
        ],
        [
            0.36325502395629883,
            0.204819,
            0.074043999999999999,
            238992,
            238996,
            1585774214.20855,
            14485619926322414,
            "doUptoVir2VcsNoSepCleanup",
            "entry"
        ],
        [
            0.77239608764648438,
            0.42592200000000002,
            0.111717,
            249228,
            249248,
            1585774214.617691,
            14485620824338724,
            "doUptoVir2VcsNoSepCleanup",
            "exit"
        ],
        [
            0.77254796028137207,
            0.42604399999999998,
            0.111749,
            249228,
            249248,
            1585774214.6178429,
            14485620824600200,
            "doRadify_vir2vcsAll",
            "entry"
        ],
        [
            0.80398106575012207,
            0.44623600000000002,
            0.115801,
            249228,
            249248,
            1585774214.649276,
            14485620893652878,
            "doRadify_vir2vcsAll",
            "exit"
        ],
        [
            0.80406808853149414,
            0.44630599999999998,
            0.11581900000000001,
            249228,
            249248,
            1585774214.649363,
            14485620893777534,
            "doPostDesignResolutionToVir2Vcs",
            "exit"
        ],
        [
            0.80412197113037109,
            0.446349,
            0.115831,
            249228,
            249248,
            1585774214.6494169,
            14485620893892952,
            "doGAToPass2",
            "entry"
        ],
        [
            0.86378097534179688,
            0.449042,
            0.12201099999999999,
            247412,
            249248,
            1585774214.7090759,
            14485621024916648,
            "DoPass2",
            "entry"
        ],
        [
            1.1853179931640625,
            0.68410599999999999,
            0.155024,
            249388,
            249416,
            1585774215.0306129,
            14485621730603482,
            "DoPass2",
            "exit"
        ]
    ],
    "SIMBData": {
        "out": "amcQwB.o",
        "bytes": 118452,
        "text": 0,
        "archive": "archive.4/_10309_archive_1.a"
    },
    "PrevCompiledModules": {
        "std": {
            "reYIK_d": {
                "bytes": 33820,
                "mod": "std",
                "out": "reYIK_d.o",
                "checksum": 0,
                "mode": 4,
                "archive": "archive.4/_prev_archive_1.a"
            }
        },
        "rob": {
            "vtxDx_d": {
                "bytes": 58644,
                "mod": "rob",
                "out": "vtxDx_d.o",
                "checksum": 0,
                "mode": 4,
                "archive": "archive.4/_prev_archive_1.a"
            }
        },
        "mem": {
            "FSbWZ_d": {
                "bytes": 21144,
                "mod": "mem",
                "out": "FSbWZ_d.o",
                "checksum": 0,
                "mode": 4,
                "archive": "archive.4/_prev_archive_1.a"
            }
        },
        "wand_sel_0000": {
            "hckDL_d": {
                "bytes": 241864,
                "mod": "wand_sel_0000",
                "out": "hckDL_d.o",
                "checksum": 0,
                "mode": 4,
                "archive": "archive.4/_prev_archive_1.a"
            }
        },
        "mult_stage": {
            "aUVMg_d": {
                "bytes": 17522,
                "mod": "mult_stage",
                "out": "aUVMg_d.o",
                "checksum": 0,
                "mode": 4,
                "archive": "archive.4/_prev_archive_1.a"
            }
        },
        "RS_Line_0000": {
            "Z4jCT_d": {
                "bytes": 29622,
                "mod": "RS_Line_0000",
                "out": "Z4jCT_d.o",
                "checksum": 0,
                "mode": 4,
                "archive": "archive.4/_prev_archive_1.a"
            }
        },
        "rs_psel_gen_0000": {
            "xjVMK_d": {
                "bytes": 40204,
                "mod": "rs_psel_gen_0000",
                "out": "xjVMK_d.o",
                "checksum": 0,
                "mode": 4,
                "archive": "archive.4/_prev_archive_1.a"
            }
        },
        "decoder": {
            "zf0bY_d": {
                "bytes": 22328,
                "mod": "decoder",
                "out": "zf0bY_d.o",
                "checksum": 0,
                "mode": 4,
                "archive": "archive.4/_prev_archive_1.a"
            }
        },
        "testbench": {
            "iAVhC_d": {
                "bytes": 61030,
                "mod": "testbench",
                "out": "iAVhC_d.o",
                "checksum": 0,
                "mode": 4,
                "archive": "archive.4/_prev_archive_1.a"
            }
        },
        "wand_sel_0001": {
            "ci1CE_d": {
                "bytes": 61660,
                "mod": "wand_sel_0001",
                "out": "ci1CE_d.o",
                "checksum": 0,
                "mode": 4,
                "archive": "archive.4/_prev_archive_1.a"
            }
        },
        "_vcs_unit__1327612396": {
            "jqQHP_d": {
                "bytes": 30158,
                "mod": "_vcs_unit__1327612396",
                "checksum": 0,
                "mode": 4,
                "out": "jqQHP_d.o",
                "archive": "archive.4/_10309_archive_1.a"
            }
        },
        "RS_0000": {
            "vG3v3_d": {
                "bytes": 86210,
                "mod": "RS_0000",
                "out": "vG3v3_d.o",
                "checksum": 0,
                "mode": 4,
                "archive": "archive.4/_prev_archive_1.a"
            }
        },
        "alu": {
            "C26kq_d": {
                "bytes": 43950,
                "mod": "alu",
                "checksum": 0,
                "mode": 4,
                "out": "C26kq_d.o",
                "archive": "archive.4/_10309_archive_1.a"
            }
        },
        "ex_stage_0000": {
            "tmdK7_d": {
                "bytes": 39184,
                "mod": "ex_stage_0000",
                "checksum": 0,
                "mode": 4,
                "out": "tmdK7_d.o",
                "archive": "archive.4/_10309_archive_1.a"
            }
        },
        "brcond": {
            "VqGv5_d": {
                "bytes": 10576,
                "mod": "brcond",
                "checksum": 0,
                "mode": 4,
                "out": "VqGv5_d.o",
                "archive": "archive.4/_10309_archive_1.a"
            }
        },
        "...MASTER...": {
            "amcQw_d": {
                "bytes": 7866,
                "mod": "...MASTER...",
                "out": "objs/amcQw_d.o",
                "checksum": 0,
                "mode": 4
            }
        },
        "processor_0000": {
            "UzNI6_d": {
                "bytes": 375050,