{
    "cycles_program_begin": 5363189233128332,
    "incremental": "on",
    "cpu_cycles_pass2_start": 5363196358974280,
    "PEModules": [],
    "perf": [
        [
            0.19824814796447754,
            0.079869999999999997,
            0.044926000000000001,
            228664,
            229316,
            1586812426.1133311,
            5363189582588356,
            "doParsingAndDesignResolution",
            "entry"
        ],
        [
            0.45642709732055664,
            0.25742300000000001,
            0.077524999999999997,
            246336,
            246984,
            1586812426.37151,
            5363190149215436,
            "doParsingAndDesignResolution",
            "exit"
        ],
        [
            0.47544217109680176,
            0.26581900000000003,
            0.078356999999999996,
            246336,
            246984,
            1586812426.3905251,
            5363190190920774,
            "doPostDesignResolutionToVir2Vcs",
            "entry"
        ],
        [
            0.85579299926757812,
            0.54084299999999996,
            0.094274999999999998,
            251004,
            251008,
            1586812426.7708759,
            5363191025699190,
            "doUptoVir2VcsNoSepCleanup",
            "entry"
        ],
        [
            3.0970070362091064,
            2.1506280000000002,
            0.37610900000000003,
            268440,
            268460,
            1586812429.01209,
            5363195944835962,
            "doUptoVir2VcsNoSepCleanup",
            "exit"
        ],
        [
            3.0972161293029785,
            2.1508080000000001,
            0.376141,
            268440,
            268460,
            1586812429.0122991,
            5363195945196754,
            "doRadify_vir2vcsAll",
            "entry"
        ],
        [
            3.2061870098114014,
            2.2456040000000002,
            0.382102,
            268440,
            268460,
            1586812429.1212699,
            5363196184447848,
            "doRadify_vir2vcsAll",
            "exit"
        ],
        [
            3.2062790393829346,
            2.2456849999999999,
            0.38211600000000001,
            268440,
            268460,
            1586812429.121362,
            5363196184611714,
            "doPostDesignResolutionToVir2Vcs",
            "exit"
        ],
        [
            3.2063469886779785,
            2.2456849999999999,
            0.38218400000000002,
            268440,
            268460,
            1586812429.1214299,
            5363196184713162,
            "doGAToPass2",
            "entry"
        ],
        [
            3.2856869697570801,
            2.2542200000000001,
            0.38921,
            265324,
            268460,
            1586812429.2007699,
            5363196358931116,
            "DoPass2",
            "entry"
        ],
        [
            7.7845079898834229,
            5.1581080000000004,
            0.492392,
            278576,
            278604,
            1586812433.6995909,
            5363206233077314,
            "DoPass2",
            "exit"
        ]
    ],
    "MlibObjs": {},
    "PrevCompiledModules": {
        "RS_Line_0000": {
            "Z4jCT_d": {
                "mode": 4,
                "bytes": 29714,
                "checksum": 0,
                "mod": "RS_Line_0000",
                "out": "Z4jCT_d.o",
                "archive": "archive.3/_prev_archive_1.a"
            }
        },
        "ar_wand_sel_0000": {
            "sYgZs_d": {
                "mode": 4,
                "bytes": 61828,
                "checksum": 0,
                "mod": "ar_wand_sel_0000",
                "out": "sYgZs_d.o",
                "archive": "archive.3/_25912_archive_1.a"
            }
        },
        "rob": {
            "vtxDx_d": {
                "mode": 4,
                "bytes": 70206,
                "checksum": 0,
                "mod": "rob",
                "out": "vtxDx_d.o",
                "archive": "archive.3/_prev_archive_1.a"
            }
        },
        "brcond": {
            "VqGv5_d": {
                "mode": 4,
                "bytes": 10732,
                "checksum": 0,
                "mod": "brcond",
                "out": "VqGv5_d.o",
                "archive": "archive.3/_prev_archive_1.a"
            }
        },
        "ex_stage_0000": {
            "tmdK7_d": {
                "mode": 4,
                "bytes": 38170,
                "checksum": 0,
                "mod": "ex_stage_0000",
                "out": "tmdK7_d.o",
                "archive": "archive.3/_prev_archive_1.a"
            }
        },
        "mult_stage": {
            "aUVMg_d": {
                "mode": 4,
                "bytes": 17678,
                "checksum": 0,
                "mod": "mult_stage",
                "out": "aUVMg_d.o",
                "archive": "archive.3/_prev_archive_1.a"
            }
        },
        "mem": {
            "FSbWZ_d": {
                "mode": 4,
                "bytes": 42842,
                "checksum": 0,
                "mod": "mem",
                "out": "FSbWZ_d.o",
                "archive": "archive.3/_prev_archive_1.a"
            }
        },
        "lq_ps_in_0000": {
            "gqQ8q_d": {
                "mode": 4,
                "bytes": 319816,
                "checksum": 0,
                "mod": "lq_ps_in_0000",
                "out": "gqQ8q_d.o",
                "archive": "archive.3/_25912_archive_1.a"
            }
        },
        "_vcs_unit__4293599388": {
            "PGa5H_d": {
                "mode": 4,
                "bytes": 34710,
                "checksum": 0,
                "mod": "_vcs_unit__4293599388",
                "archive": "archive.3/_25912_archive_1.a",
                "out": "PGa5H_d.o"
            }
        },
        "rs_psel_gen_0000": {
            "xjVMK_d": {
                "mode": 4,
                "bytes": 40360,
                "checksum": 0,
                "mod": "rs_psel_gen_0000",
                "out": "xjVMK_d.o",
                "archive": "archive.3/_25912_archive_1.a"
            }
        },
        "std": {
            "reYIK_d": {
                "mode": 4,
                "bytes": 33972,
                "checksum": 0,
                "mod": "std",
                "out": "reYIK_d.o",
                "archive": "archive.3/_prev_archive_1.a"
            }
        },
        "testbench": {
            "iAVhC_d": {
                "mode": 4,
                "bytes": 73460,
                "checksum": 0,
                "mod": "testbench",
                "archive": "archive.3/_prev_archive_1.a",
                "out": "iAVhC_d.o"
            }
        },
        "processor_0000": {
            "UzNI6_d": {
                "mode": 4,
                "bytes": 423552,
                "checksum": 0,
                "mod": "processor_0000",
                "out": "UzNI6_d.o",
                "archive": "archive.3/_25912_archive_1.a"
            }
        },
        "lq_wand_sel_0000": {
            "RCLGV_d": {
                "mode": 4,
                "bytes": 61820,
                "checksum": 0,
                "mod": "lq_wand_sel_0000",
                "out": "RCLGV_d.o",
                "archive": "archive.3/_25912_archive_1.a"
            }
        },
        "RS_0000": {
            "vG3v3_d": {
                "mode": 4,
                "bytes": 84638,
                "checksum": 0,
                "mod": "RS_0000",
                "out": "vG3v3_d.o",
                "archive": "archive.3/_25912_archive_1.a"
            }
        },
        "wand_sel_0000": {
            "hckDL_d": {
                "mode": 4,
                "bytes": 242020,
                "checksum": 0,
                "mod": "wand_sel_0000",
                "out": "hckDL_d.o",
                "archive": "archive.3/_25912_archive_1.a"
            }
        },