{
    "cycles_program_begin": 2937609068606358,
    "perf": [
        [
            0.20037198066711426,
            0.084651000000000004,
            0.035270999999999997,
            228660,
            229308,
            1585712039.39624,
            2937609377620526,
            "doParsingAndDesignResolution",
            "entry"
        ],
        [
            0.35594296455383301,
            0.16191,
            0.049277000000000001,
            234380,
            235028,
            1585712039.551811,
            2937609719047210,
            "doParsingAndDesignResolution",
            "exit"
        ],
        [
            0.36611199378967285,
            0.166467,
            0.051143000000000001,
            234380,
            235028,
            1585712039.56198,
            2937609741383516,
            "doPostDesignResolutionToVir2Vcs",
            "entry"
        ],
        [
            0.55779194831848145,
            0.23698900000000001,
            0.061516000000000001,
            238992,
            238996,
            1585712039.75366,
            2937610162037554,
            "doUptoVir2VcsNoSepCleanup",
            "entry"
        ],
        [
            1.0835769176483154,
            0.46256399999999998,
            0.097696000000000005,
            249224,
            249244,
            1585712040.2794449,
            2937611316084912,
            "doUptoVir2VcsNoSepCleanup",
            "exit"
        ],
        [
            1.0837860107421875,
            0.46273799999999998,
            0.097733,
            249224,
            249244,
            1585712040.279654,
            2937611316477076,
            "doRadify_vir2vcsAll",
            "entry"
        ],
        [
            1.1537699699401855,
            0.48535600000000001,
            0.100452,
            249224,
            249244,
            1585712040.349638,
            2937611470149656,
            "doRadify_vir2vcsAll",
            "exit"
        ],
        [
            1.1538560390472412,
            0.485429,
            0.100467,
            249224,
            249244,
            1585712040.3497241,
            2937611470287912,
            "doPostDesignResolutionToVir2Vcs",
            "exit"
        ],
        [
            1.1539149284362793,
            0.48547800000000002,
            0.100478,
            249224,
            249244,
            1585712040.3497829,
            2937611470386534,
            "doGAToPass2",
            "entry"
        ],
        [
            1.2649068832397461,
            0.490365,
            0.104077,
            247408,
            249244,
            1585712040.4607749,
            2937611714064306,
            "DoPass2",
            "entry"
        ],
        [
            1.7929730415344238,
            0.701963,
            0.13955699999999999,
            249384,
            249412,
            1585712040.9888411,
            2937612873071864,
            "DoPass2",
            "exit"
        ]
    ],
    "MlibObjs": {},
    "CompileProcesses": [
        "cgproc.18409.json"
    ],
    "stat": {
        "ru_self_cgstart": {
            "ru_utime_sec": 0.490481,
            "ru_minflt": 28518,
            "ru_stime_sec": 0.104102,
            "ru_maxrss_kb": 78652,
            "ru_majflt": 0,
            "ru_nivcsw": 28,
            "ru_nvcsw": 417
        },
        "mopSpeed": 484084.64437735575,
        "realTime": 1.8643679618835449,
        "ru_self_end": {
            "ru_utime_sec": 0.70279499999999995,
            "ru_minflt": 34204,
            "ru_stime_sec": 0.150669,
            "ru_maxrss_kb": 89852,
            "ru_majflt": 0,
            "ru_nivcsw": 36,
            "ru_nvcsw": 570
        },
        "totalObjSize": 178152,
        "ru_childs_cgstart": {
            "ru_utime_sec": 0.024237999999999999,
            "ru_minflt": 6350,
            "ru_stime_sec": 0.020267,
            "ru_maxrss_kb": 26484,
            "ru_majflt": 0,
            "ru_nivcsw": 8,
            "ru_nvcsw": 17
        },
        "cpu_cycles_cgstart": 2937611714222634,
        "Frontend(%)": 70.699760313721185,
        "nMops": 103263,
        "nQuads": 30453,
        "ru_childs_end": {
            "ru_utime_sec": 0.025239999999999999,
            "ru_minflt": 6946,
            "ru_stime_sec": 0.024275000000000001,
            "ru_maxrss_kb": 26912,
            "ru_majflt": 0,
            "ru_nivcsw": 10,
            "ru_nvcsw": 19
        },
        "cpu_cycles_end": 2937613029453540,
        "outputSizePerQuad": 5.8500640331001872,
        "cpu_cycles_total": 3960847182,
        "CodeGen(%)": 29.300239686278811,
        "quadSpeed": 142760.03675298623,
        "mop/quad": 3.3908974485272387,
        "peak_mem_kb": 249412
    },
    "PrevCompiledModules": {
        "wand_sel_0000": {
            "hckDL_d": {
                "checksum": 0,
                "bytes": 241864,
                "mod": "wand_sel_0000",
                "mode": 4,
                "archive": "archive.6/_prev_archive_1.a",
                "out": "hckDL_d.o"
            }
        },
        "mult_stage": {
            "aUVMg_d": {
                "checksum": 0,
                "bytes": 17522,
                "mod": "mult_stage",
                "mode": 4,
                "archive": "archive.6/_prev_archive_1.a",
                "out": "aUVMg_d.o"
            }
        },
        "brcond": {
            "VqGv5_d": {
                "checksum": 0,
                "bytes": 10576,
                "mod": "brcond",
                "mode": 4,
                "archive": "archive.6/_prev_archive_1.a",
                "out": "VqGv5_d.o"
            }
        },
        "rob": {
            "vtxDx_d": {
                "checksum": 0,
                "bytes": 57774,
                "mod": "rob",
                "mode": 4,
                "archive": "archive.6/_prev_archive_1.a",
                "out": "vtxDx_d.o"
            }
        },
        "mem": {
            "FSbWZ_d": {
                "checksum": 0,
                "bytes": 21144,
                "mod": "mem",
                "mode": 4,
                "archive": "archive.6/_prev_archive_1.a",
                "out": "FSbWZ_d.o"
            }
        },
        "rs_psel_gen_0000": {
            "xjVMK_d": {
                "checksum": 0,
                "bytes": 40204,
                "mod": "rs_psel_gen_0000",
                "mode": 4,
                "archive": "archive.6/_prev_archive_1.a",
                "out": "xjVMK_d.o"
            }
        },
        "...MASTER...": {
            "amcQw_d": {
                "checksum": 0,
                "bytes": 7866,
                "mod": "...MASTER...",
                "mode": 4,
                "out": "objs/amcQw_d.o"
            }
        },
        "ex_stage_0000": {
            "tmdK7_d": {
                "checksum": 0,
                "bytes": 35918,
                "mod": "ex_stage_0000",
                "mode": 4,
                "archive": "archive.6/_prev_archive_1.a",
                "out": "tmdK7_d.o"
            }
        },
        "std": {
            "reYIK_d": {
                "checksum": 0,
                "bytes": 33820,
                "mod": "std",
                "mode": 4,
                "archive": "archive.6/_prev_archive_1.a",
                "out": "reYIK_d.o"
            }
        },
        "RS_Line_0000": {
            "Z4jCT_d": {
                "checksum": 0,
                "bytes": 29622,
                "mod": "RS_Line_0000",
                "mode": 4,
                "archive": "archive.6/_prev_archive_1.a",
                "out": "Z4jCT_d.o"
            }
        },
        "testbench": {
            "iAVhC_d": {
                "checksum": 0,
                "bytes": 60564,
                "mod": "testbench",
                "out": "iAVhC_d.o",
                "mode": 4,
                "archive": "archive.6/_18409_archive_1.a"
            }
        },