{
    "cycles_program_begin": 5359510362437092,
    "perf": [
        [
            0.16205811500549316,
            0.075506000000000004,
            0.041277000000000001,
            228664,
            229316,
            1586810749.9398711,
            5359510662036538,
            "doParsingAndDesignResolution",
            "entry"
        ],
        [
            0.40234899520874023,
            0.26146599999999998,
            0.059104999999999998,
            246336,
            246984,
            1586810750.180162,
            5359511189436706,
            "doParsingAndDesignResolution",
            "exit"
        ],
        [
            0.41384601593017578,
            0.26724399999999998,
            0.062056,
            246336,
            246984,
            1586810750.191659,
            5359511214638692,
            "doPostDesignResolutionToVir2Vcs",
            "entry"
        ],
        [
            0.78865599632263184,
            0.54910499999999995,
            0.070379999999999998,
            251004,
            251008,
            1586810750.566469,
            5359512037277646,
            "doUptoVir2VcsNoSepCleanup",
            "entry"
        ],
        [
            3.5110700130462646,
            2.1582759999999999,
            0.34988200000000003,
            268440,
            268460,
            1586810753.288883,
            5359518012572562,
            "doUptoVir2VcsNoSepCleanup",
            "exit"
        ],
        [
            3.5112860202789307,
            2.1584639999999999,
            0.34991299999999997,
            268440,
            268460,
            1586810753.289099,
            5359518012942334,
            "doRadify_vir2vcsAll",
            "entry"
        ],
        [
            3.6140780448913574,
            2.2383419999999998,
            0.36089300000000002,
            268440,
            268460,
            1586810753.391891,
            5359518238618650,
            "doRadify_vir2vcsAll",
            "exit"
        ],
        [
            3.6141619682312012,
            2.238416,
            0.36090499999999998,
            268440,
            268460,
            1586810753.3919749,
            5359518238748796,
            "doPostDesignResolutionToVir2Vcs",
            "exit"
        ],
        [
            3.6142170429229736,
            2.238464,
            0.36091299999999998,
            268440,
            268460,
            1586810753.39203,
            5359518238841140,
            "doGAToPass2",
            "entry"
        ],
        [
            3.921889066696167,
            2.2466119999999998,
            0.36593599999999998,
            265324,
            268460,
            1586810753.699702,
            5359518914221758,
            "DoPass2",
            "entry"
        ],
        [
            5.5735859870910645,
            3.4625870000000001,
            0.42494900000000002,
            275076,
            275104,
            1586810755.3513989,
            5359522539388460,
            "DoPass2",
            "exit"
        ]
    ],
    "NameTable": {
        "arbiter_rr_0000": [
            "arbiter_rr_0000",
            "Tjq5i",
            "module",
            5
        ],
        "RS_0000": [
            "RS_0000",
            "vG3v3",
            "module",
            20
        ],
        "ar_wand_sel_0000": [
            "ar_wand_sel_0000",
            "sYgZs",
            "module",
            6
        ],
        "_vcs_unit__4293599388": [
            "_vcs_unit__4293599388",
            "PGa5H",
            "module",
            1
        ],
        "brcond": [
            "brcond",
            "VqGv5",
            "module",
            11
        ],
        "lq_wand_sel_0000": [
            "lq_wand_sel_0000",
            "RCLGV",
            "module",
            15
        ],
        "rob": [
            "rob",
            "vtxDx",
            "module",
            18
        ],
        "dcache_ctrl_0000": [
            "dcache_ctrl_0000",
            "j2LDI",
            "module",
            7
        ],
        "std": [
            "std",
            "reYIK",
            "module",
            2
        ],
        "mem": [
            "mem",
            "FSbWZ",
            "module",
            3
        ],
        "lq_ps_in_0000": [
            "lq_ps_in_0000",
            "gqQ8q",
            "module",
            14
        ],
        "mult_stage": [
            "mult_stage",
            "aUVMg",
            "module",
            16
        ],
        "wand_sel_0000": [
            "wand_sel_0000",
            "hckDL",
            "module",
            24
        ],
        "testbench": [
            "testbench",
            "iAVhC",
            "module",
            4
        ],
        "processor_0000": [
            "processor_0000",
            "UzNI6",
            "module",
            17
        ],
        "dcache_0000": [
            "dcache_0000",
            "Nmdq6",
            "module",
            8
        ],
        "DMEM_0000": [
            "DMEM_0000",
            "BaCRA",
            "module",
            9
        ],
        "wand_sel_0001": [
            "wand_sel_0001",
            "ci1CE",
            "module",
            25
        ],
        "alu": [
            "alu",
            "C26kq",
            "module",
            10
        ],
        "ex_stage_0000": [
            "ex_stage_0000",
            "tmdK7",
            "module",
            12
        ],
        "decoder": [
            "decoder",
            "zf0bY",
            "module",
            13
        ],
        "RS_Line_0000": [
            "RS_Line_0000",
            "Z4jCT",
            "module",
            19
        ],
        "store_queue_0000": [
            "store_queue_0000",
            "fNfNe",
            "module",
            21
        ],
        "freelist_psel_gen_0000": [
            "freelist_psel_gen_0000",
            "L652r",
            "module",
            22
        ],
        "rs_psel_gen_0000": [
            "rs_psel_gen_0000",
            "xjVMK",
            "module",
            23
        ],
        "...MASTER...": [
            "SIM",
            "amcQw",
            "module",
            26
        ]
    },
    "MlibObjs": {},
    "PrevCompiledModules": {
        "lq_wand_sel_0000": {
            "RCLGV_d": {
                "archive": "archive.1/_prev_archive_1.a",
                "bytes": 61820,
                "mod": "lq_wand_sel_0000",
                "out": "RCLGV_d.o",
                "checksum": 0,
                "mode": 4
            }
        },
        "dcache_ctrl_0000": {
            "j2LDI_d": {
                "archive": "archive.1/_prev_archive_1.a",
                "bytes": 1582886,
                "mod": "dcache_ctrl_0000",
                "out": "j2LDI_d.o",
                "checksum": 0,
                "mode": 4
            }
        },
        "std": {
            "reYIK_d": {
                "archive": "archive.1/_prev_archive_1.a",
                "bytes": 33972,
                "mod": "std",
                "out": "reYIK_d.o",
                "checksum": 0,
                "mode": 4
            }
        },
        "rob": {
            "vtxDx_d": {
                "archive": "archive.1/_prev_archive_1.a",
                "bytes": 70206,
                "mod": "rob",
                "out": "vtxDx_d.o",
                "checksum": 0,
                "mode": 4
            }
        },
        "mem": {
            "FSbWZ_d": {
                "archive": "archive.1/_prev_archive_1.a",
                "bytes": 42842,
                "mod": "mem",
                "out": "FSbWZ_d.o",
                "checksum": 0,
                "mode": 4
            }
        },
        "testbench": {
            "iAVhC_d": {
                "archive": "archive.1/_5658_archive_1.a",
                "bytes": 73460,
                "mod": "testbench",
                "out": "iAVhC_d.o",