{
    "cpu_cycles_pass2_start": 16936499048449406,
    "cycles_program_begin": 16936491040274268,
    "Misc": {
        "default_output_dir": "csrc",
        "cwd": "/afs/umich.edu/user/h/c/hcyang/Downloads/group7w20",
        "vcs_version": "N-2017.12-SP2-1_Full64",
        "VCS_HOME": "/usr/caen/vcs-2017.12-SP2-1",
        "vcs_build_date": "Build Date = Jul 14 2018 20:29:59",
        "daidir": "/afs/umich.edu/user/h/c/hcyang/Downloads/group7w20/dve.daidir",
        "master_pid": 28951,
        "csrc": "csrc",
        "daidir_abs": "/afs/umich.edu/user/h/c/hcyang/Downloads/group7w20/dve.daidir",
        "csrc_abs": "/afs/umich.edu/user/h/c/hcyang/Downloads/group7w20/csrc",
        "archive_dir": "archive.14"
    },
    "stat": {
        "ru_self_cgstart": {
            "ru_nivcsw": 212,
            "ru_nvcsw": 1354,
            "ru_utime_sec": 2.275973,
            "ru_stime_sec": 0.39694800000000002,
            "ru_maxrss_kb": 102244,
            "ru_minflt": 34468,
            "ru_majflt": 4
        },
        "cpu_cycles_end": 16936508322208788,
        "ru_childs_cgstart": {
            "ru_nivcsw": 11,
            "ru_nvcsw": 18,
            "ru_utime_sec": 0.011660999999999999,
            "ru_stime_sec": 0.030529000000000001,
            "ru_maxrss_kb": 47400,
            "ru_minflt": 6352,
            "ru_majflt": 0
        },
        "ru_self_end": {
            "ru_nivcsw": 624,
            "ru_nvcsw": 2513,
            "ru_utime_sec": 5.1448219999999996,
            "ru_stime_sec": 0.71107200000000004,
            "ru_maxrss_kb": 122104,
            "ru_minflt": 47530,
            "ru_majflt": 4
        },
        "cpu_cycles_cgstart": 16936499048603286,
        "mop/quad": 2.8340835094760135,
        "totalObjSize": 5895688,
        "nMops": 714651,
        "nQuads": 252163,
        "outputSizePerQuad": 23.380464223537949,
        "cpu_cycles_total": 17281934520,
        "ru_childs_end": {
            "ru_nivcsw": 13,
            "ru_nvcsw": 20,
            "ru_utime_sec": 0.014591,
            "ru_stime_sec": 0.033459000000000003,
            "ru_maxrss_kb": 47828,
            "ru_minflt": 6949,
            "ru_majflt": 0
        },
        "mopSpeed": 248853.06285755278,
        "quadSpeed": 87807.244220394408,
        "Frontend(%)": 44.339036243076492,
        "realTime": 7.9011161327362061,
        "CodeGen(%)": 55.660963756923508,
        "peak_mem_kb": 281788
    },
    "CurCompileUdps": {},
    "perf": [
        [
            0.31933903694152832,
            0.068123000000000003,
            0.048377000000000003,
            228716,
            229364,
            1586890871.8760409,
            16936491681910928,
            "doParsingAndDesignResolution",
            "entry"
        ],
        [
            0.58578610420227051,
            0.24787400000000001,
            0.071387000000000006,
            246480,
            247128,
            1586890872.142488,
            16936492266687376,
            "doParsingAndDesignResolution",
            "exit"
        ],
        [
            0.59877109527587891,
            0.25461600000000001,
            0.074593999999999994,
            246480,
            247128,
            1586890872.155473,
            16936492295153454,
            "doPostDesignResolutionToVir2Vcs",
            "entry"
        ],
        [
            1.08296799659729,
            0.54358399999999996,
            0.097744999999999999,
            251152,
            251156,
            1586890872.6396699,
            16936493357883786,
            "doUptoVir2VcsNoSepCleanup",
            "entry"
        ],
        [
            3.4332880973815918,
            2.1825640000000002,
            0.375251,
            269652,
            269672,
            1586890874.98999,
            16936498516425622,
            "doUptoVir2VcsNoSepCleanup",
            "exit"
        ],
        [
            3.4334580898284912,
            2.1827360000000002,
            0.375251,
            269652,
            269672,
            1586890874.99016,
            16936498516743142,
            "doRadify_vir2vcsAll",
            "entry"
        ],
        [
            3.5633301734924316,
            2.2695439999999998,
            0.386071,
            269652,
            269672,
            1586890875.1200321,
            16936498801857592,
            "doRadify_vir2vcsAll",
            "exit"
        ],
        [
            3.5634191036224365,
            2.269622,
            0.38608500000000001,
            269652,
            269672,
            1586890875.120121,
            16936498802021288,
            "doPostDesignResolutionToVir2Vcs",
            "exit"
        ],
        [
            3.5634880065917969,
            2.269622,
            0.386154,
            269652,
            269672,
            1586890875.1201899,
            16936498802138560,
            "doGAToPass2",
            "entry"
        ],
        [
            3.6756701469421387,
            2.2758430000000001,
            0.396926,
            266536,
            269672,
            1586890875.232372,
            16936499048417582,
            "DoPass2",
            "entry"
        ],
        [
            7.5104811191558838,
            5.1379279999999996,
            0.52742599999999995,
            281760,
            281788,
            1586890879.067183,
            16936507465193246,
            "DoPass2",
            "exit"
        ]
    ],
    "PrevCompiledModules": {
        "lq_wand_sel_0000": {
            "RCLGV_d": {
                "out": "RCLGV_d.o",
                "mode": 4,
                "bytes": 61820,
                "checksum": 0,
                "mod": "lq_wand_sel_0000",
                "archive": "archive.14/_28951_archive_1.a"
            }
        },
        "rs_psel_gen_0000": {
            "xjVMK_d": {
                "out": "xjVMK_d.o",
                "mode": 4,
                "bytes": 40360,
                "checksum": 0,
                "mod": "rs_psel_gen_0000",
                "archive": "archive.14/_prev_archive_1.a"
            }
        },
        "rob": {
            "vtxDx_d": {
                "out": "vtxDx_d.o",
                "mode": 4,
                "bytes": 70308,
                "checksum": 0,
                "mod": "rob",
                "archive": "archive.14/_prev_archive_1.a"
            }
        },
        "mem": {
            "FSbWZ_d": {
                "out": "FSbWZ_d.o",
                "mode": 4,
                "bytes": 42842,
                "checksum": 0,
                "mod": "mem",
                "archive": "archive.14/_prev_archive_1.a"
            }
        },
        "ar_wand_sel_0000": {
            "sYgZs_d": {
                "out": "sYgZs_d.o",
                "mode": 4,
                "bytes": 61828,
                "checksum": 0,
                "mod": "ar_wand_sel_0000",
                "archive": "archive.14/_28951_archive_1.a"
            }
        },
        "mult_stage": {
            "aUVMg_d": {
                "out": "aUVMg_d.o",
                "mode": 4,
                "bytes": 17678,
                "checksum": 0,
                "mod": "mult_stage",
                "archive": "archive.14/_prev_archive_1.a"
            }
        },
        "lq_ps_in_0000": {
            "gqQ8q_d": {
                "out": "gqQ8q_d.o",
                "mode": 4,
                "bytes": 318954,
                "checksum": 0,
                "mod": "lq_ps_in_0000",
                "archive": "archive.14/_28951_archive_1.a"
            }
        },
        "std": {
            "reYIK_d": {
                "out": "reYIK_d.o",
                "mode": 4,
                "bytes": 33972,
                "checksum": 0,
                "mod": "std",
                "archive": "archive.14/_prev_archive_1.a"
            }
        },
        "processor_0000": {
            "UzNI6_d": {
                "out": "UzNI6_d.o",
                "mode": 4,
                "bytes": 432034,