{
    "cycles_program_begin": 14539088832228434,
    "MlibObjs": {},
    "CompileStrategy": "fullobj",
    "LVLData": [
        "SIM"
    ],
    "perf": [
        [
            0.30633401870727539,
            0.059638999999999998,
            0.042325000000000002,
            228660,
            229308,
            1585798544.1222589,
            14539089452665056,
            "doParsingAndDesignResolution",
            "entry"
        ],
        [
            0.38584804534912109,
            0.12554599999999999,
            0.054926000000000003,
            234384,
            235032,
            1585798544.2017729,
            14539089627184546,
            "doParsingAndDesignResolution",
            "exit"
        ],
        [
            0.39514517784118652,
            0.13000100000000001,
            0.057121999999999999,
            234384,
            235032,
            1585798544.2110701,
            14539089647613908,
            "doPostDesignResolutionToVir2Vcs",
            "entry"
        ],
        [
            0.49102902412414551,
            0.20063300000000001,
            0.072506000000000001,
            238996,
            239000,
            1585798544.3069539,
            14539089858020220,
            "doUptoVir2VcsNoSepCleanup",
            "entry"
        ],
        [
            0.7840731143951416,
            0.41770200000000002,
            0.10792300000000001,
            249228,
            249248,
            1585798544.599998,
            14539090501223606,
            "doUptoVir2VcsNoSepCleanup",
            "exit"
        ],
        [
            0.78423810005187988,
            0.41770200000000002,
            0.108089,
            249228,
            249248,
            1585798544.600163,
            14539090501514142,
            "doRadify_vir2vcsAll",
            "entry"
        ],
        [
            0.81252813339233398,
            0.43410399999999999,
            0.116491,
            249228,
            249248,
            1585798544.628453,
            14539090563669760,
            "doRadify_vir2vcsAll",
            "exit"
        ],
        [
            0.81261610984802246,
            0.434174,
            0.11651,
            249228,
            249248,
            1585798544.628541,
            14539090563794270,
            "doPostDesignResolutionToVir2Vcs",
            "exit"
        ],
        [
            0.81267023086547852,
            0.43421700000000002,
            0.116521,
            249228,
            249248,
            1585798544.6285951,
            14539090563909358,
            "doGAToPass2",
            "entry"
        ],
        [
            0.87648200988769531,
            0.43589499999999998,
            0.124399,
            247412,
            249248,
            1585798544.6924069,
            14539090704053090,
            "DoPass2",
            "entry"
        ],
        [
            1.2961330413818359,
            0.75479600000000002,
            0.16408600000000001,
            249388,
            249416,
            1585798545.1120579,
            14539091625102360,
            "DoPass2",
            "exit"
        ]
    ],
    "PEModules": [],
    "incremental": "on",
    "stat": {
        "CodeGen(%)": 41.568487322589512,
        "ru_self_end": {
            "ru_nvcsw": 748,
            "ru_stime_sec": 0.18364900000000001,
            "ru_utime_sec": 0.75842100000000001,
            "ru_maxrss_kb": 91304,
            "ru_nivcsw": 75,
            "ru_minflt": 34654,
            "ru_majflt": 0
        },
        "ru_self_cgstart": {
            "ru_nvcsw": 487,
            "ru_stime_sec": 0.124432,
            "ru_utime_sec": 0.43601099999999998,
            "ru_maxrss_kb": 78660,
            "ru_nivcsw": 39,
            "ru_minflt": 28513,
            "ru_majflt": 0
        },
        "cpu_cycles_total": 2867463604,
        "ru_childs_end": {
            "ru_nvcsw": 21,
            "ru_stime_sec": 0.026661000000000001,
            "ru_utime_sec": 0.019577000000000001,
            "ru_maxrss_kb": 26916,
            "ru_nivcsw": 17,
            "ru_minflt": 6946,
            "ru_majflt": 0
        },
        "totalObjSize": 533962,
        "ru_childs_cgstart": {
            "ru_nvcsw": 19,
            "ru_stime_sec": 0.022690999999999999,
            "ru_utime_sec": 0.018585000000000001,
            "ru_maxrss_kb": 26488,
            "ru_nivcsw": 14,
            "ru_minflt": 6350,
            "ru_majflt": 0
        },
        "cpu_cycles_cgstart": 14539090704185990,
        "mop/quad": 3.412795249902127,
        "peak_mem_kb": 249416,
        "nMops": 104609,
        "nQuads": 30652,
        "outputSizePerQuad": 17.420135717082083,
        "cpu_cycles_end": 14539091699692038,
        "mopSpeed": 323464.29521153244,
        "quadSpeed": 94779.871491209095,
        "Frontend(%)": 58.431512677410488,
        "realTime": 1.3302810192108154
    },
    "PrevCompiledModules": {
        "rob": {
            "vtxDx_d": {
                "bytes": 58644,
                "mod": "rob",
                "archive": "archive.45/_prev_archive_1.a",
                "mode": 4,
                "checksum": 0,
                "out": "vtxDx_d.o"
            }
        },
        "mem": {
            "FSbWZ_d": {
                "bytes": 21144,
                "mod": "mem",
                "archive": "archive.45/_prev_archive_1.a",
                "mode": 4,
                "checksum": 0,
                "out": "FSbWZ_d.o"
            }
        },
        "mult_stage": {
            "aUVMg_d": {
                "bytes": 17522,
                "mod": "mult_stage",
                "archive": "archive.45/_prev_archive_1.a",
                "mode": 4,
                "checksum": 0,
                "out": "aUVMg_d.o"
            }
        },
        "rs_psel_gen_0000": {
            "xjVMK_d": {
                "bytes": 40204,
                "mod": "rs_psel_gen_0000",
                "archive": "archive.45/_prev_archive_1.a",
                "mode": 4,
                "checksum": 0,
                "out": "xjVMK_d.o"
            }
        },
        "std": {
            "reYIK_d": {
                "bytes": 33820,
                "mod": "std",
                "archive": "archive.45/_prev_archive_1.a",
                "mode": 4,
                "checksum": 0,
                "out": "reYIK_d.o"
            }
        },
        "processor_0000": {
            "UzNI6_d": {
                "bytes": 383810,
                "mod": "processor_0000",
                "out": "UzNI6_d.o",
                "archive": "archive.45/_18945_archive_1.a",
                "mode": 4,
                "checksum": 0
            }
        },
        "RS_0000": {
            "vG3v3_d": {
                "bytes": 84998,
                "mod": "RS_0000",
                "archive": "archive.45/_prev_archive_1.a",
                "mode": 4,
                "checksum": 0,
                "out": "vG3v3_d.o"
            }
        },
        "testbench": {
            "iAVhC_d": {
                "bytes": 61030,
                "mod": "testbench",
                "archive": "archive.45/_prev_archive_1.a",
                "mode": 4,
                "checksum": 0,
                "out": "iAVhC_d.o"
            }
        },
        "_vcs_unit__1327612396": {
            "jqQHP_d": {
                "bytes": 30158,
                "mod": "_vcs_unit__1327612396",
                "out": "jqQHP_d.o",
                "archive": "archive.45/_18945_archive_1.a",
                "mode": 4,
                "checksum": 0
            }
        },
        "wand_sel_0000": {
            "hckDL_d": {
                "bytes": 241864,
                "mod": "wand_sel_0000",
                "archive": "archive.45/_prev_archive_1.a",
                "mode": 4,
                "checksum": 0,
                "out": "hckDL_d.o"
            }
        },
        "RS_Line_0000": {
            "Z4jCT_d": {
                "bytes": 29558,