{
    "PrevCompiledModules": {},
    "cycles_program_begin": 53013165108689,
    "MlibObjs": {},
    "perf": [
        [
            0.15076112747192383,
            0.031005999999999999,
            0.019730999999999999,
            266888,
            267504,
            1582677322.5154991,
            53013604135951,
            "doParsingAndDesignResolution",
            "entry"
        ],
        [
            0.15756702423095703,
            0.036784999999999998,
            0.020750000000000001,
            267816,
            268464,
            1582677322.522305,
            53013625842132,
            "doParsingAndDesignResolution",
            "exit"
        ],
        [
            0.15761709213256836,
            0.036817999999999997,
            0.020768999999999999,
            267816,
            268464,
            1582677322.5223551,
            53013625980700,
            "doPostDesignResolutionToVir2Vcs",
            "entry"
        ],
        [
            0.1722710132598877,
            0.039807000000000002,
            0.024129999999999999,
            269024,
            273124,
            1582677322.537009,
            53013672787499,
            "doUptoVir2VcsNoSepCleanup",
            "entry"
        ],
        [
            0.20584511756896973,
            0.049843999999999999,
            0.029905999999999999,
            281952,
            281960,
            1582677322.5705831,
            53013779968128,
            "doUptoVir2VcsNoSepCleanup",
            "exit"
        ],
        [
            0.20591592788696289,
            0.049889000000000003,
            0.029933000000000001,
            281952,
            281960,
            1582677322.5706539,
            53013780155061,
            "doRadify_vir2vcsAll",
            "entry"
        ],
        [
            0.21166610717773438,
            0.050866000000000001,
            0.032280000000000003,
            281952,
            281960,
            1582677322.5764041,
            53013798546481,
            "doRadify_vir2vcsAll",
            "exit"
        ],
        [
            0.2117159366607666,
            0.050896999999999998,
            0.032300000000000002,
            281952,
            281960,
            1582677322.5764539,
            53013798669326,
            "doPostDesignResolutionToVir2Vcs",
            "exit"
        ],
        [
            0.21175193786621094,
            0.050918999999999999,
            0.032314000000000002,
            281952,
            281960,
            1582677322.5764899,
            53013798777838,
            "doGAToPass2",
            "entry"
        ],
        [
            0.25036191940307617,
            0.05185,
            0.035895999999999997,
            280396,
            281960,
            1582677322.6150999,
            53013922076709,
            "DoPass2",
            "entry"
        ],
        [
            0.31142497062683105,
            0.087850999999999999,
            0.043431999999999998,
            282356,
            282380,
            1582677322.676163,
            53014116988042,
            "DoPass2",
            "exit"
        ]
    ],
    "SIMBData": {
        "text": 0,
        "out": "amcQwB.o",
        "archive": "archive.0/_25964_archive_1.a",
        "bytes": 70122
    },
    "PEModules": [],
    "CurCompileModules": [
        "...MASTER...",
        "...MASTER...",
        "_vcs_unit__1318183854",
        "_vcs_unit__1318183854",
        "std",
        "std",
        "testbench",
        "testbench"
    ],
    "NameTable": {
        "_vcs_unit__1318183854": [
            "_vcs_unit__1318183854",
            "viPWq",
            "module",
            1
        ],
        "std": [
            "std",
            "reYIK",
            "module",
            2
        ],
        "...MASTER...": [
            "SIM",
            "amcQw",
            "module",
            4
        ],
        "testbench": [
            "testbench",
            "iAVhC",
            "module",
            3
        ]
    },
    "cpu_cycles_pass2_start": 53013922102524,
    "CompileStrategy": "fullobj",
    "rlimit": {
        "data": -1,
        "stack": -1
    },
    "stat": {
        "mop/quad": 2.8814898419864559,
        "ru_self_cgstart": {
            "ru_stime_sec": 0.035895999999999997,
            "ru_utime_sec": 0.051922999999999997,
            "ru_maxrss_kb": 75496,
            "ru_minflt": 24347,
            "ru_majflt": 0,
            "ru_nvcsw": 189,
            "ru_nivcsw": 4
        },
        "mopSpeed": 136651.94700923318,
        "ru_self_end": {
            "ru_stime_sec": 0.048612000000000002,
            "ru_utime_sec": 0.089288000000000006,
            "ru_maxrss_kb": 86644,
            "ru_minflt": 28304,
            "ru_majflt": 0,
            "ru_nvcsw": 258,
            "ru_nivcsw": 4
        },
        "ru_childs_cgstart": {
            "ru_stime_sec": 0.010446,
            "ru_utime_sec": 0.0097459999999999995,
            "ru_maxrss_kb": 25520,
            "ru_minflt": 6333,
            "ru_majflt": 0,
            "ru_nvcsw": 30,
            "ru_nivcsw": 6
        },
        "cpu_cycles_total": 1009453461,
        "nMops": 5106,
        "cpu_cycles_cgstart": 53013922189983,
        "totalObjSize": 211806,
        "CodeGen(%)": 37.729466647817937,
        "nQuads": 1772,
        "ru_childs_end": {
            "ru_stime_sec": 0.010446,
            "ru_utime_sec": 0.0097459999999999995,
            "ru_maxrss_kb": 25520,
            "ru_minflt": 6333,
            "ru_majflt": 0,
            "ru_nvcsw": 30,
            "ru_nivcsw": 6
        },
        "Frontend(%)": 62.270533352182063,
        "cpu_cycles_end": 53014174562150,
        "quadSpeed": 47424.059949150251,
        "outputSizePerQuad": 119.5293453724605,
        "peak_mem_kb": 282380,
        "realTime": 0.32955598831176758
    },
    "LVLData": [
        "SIM"
    ],
    "CurCompileUdps": {},
    "incremental": "on",
    "Misc": {
        "cwd": "/afs/umich.edu/user/s/u/sunsusan/Desktop/group7w20",
        "csrc_abs": "/afs/umich.edu/user/s/u/sunsusan/Desktop/group7w20/csrc",
        "vcs_version": "N-2017.12-SP2-1_Full64",
        "daidir": "/afs/umich.edu/user/s/u/sunsusan/Desktop/group7w20/simv.daidir",
        "vcs_build_date": "Build Date = Jul 14 2018 20:29:59",
        "VCS_HOME": "/usr/caen/vcs-2017.12-SP2-1",
        "master_pid": 25964,
        "default_output_dir": "csrc",
        "csrc": "csrc",
        "archive_dir": "archive.0",
        "daidir_abs": "/afs/umich.edu/user/s/u/sunsusan/Desktop/group7w20/simv.daidir"
    },
    "CompileProcesses": [
        "cgproc.25964.json"
    ],
    "CompileStatus": "Successful"
}