{
    "CompileStrategy": "fullobj",
    "PEModules": [],
    "CompileProcesses": [
        "cgproc.7176.json"
    ],
    "rlimit": {
        "data": -1,
        "stack": -1
    },
    "cycles_program_begin": 15811554535803147,
    "perf": [
        [
            0.17027187347412109,
            0.058948,
            0.037603999999999999,
            228656,
            229304,
            1585770115.3484809,
            15811554865078290,
            "doParsingAndDesignResolution",
            "entry"
        ],
        [
            0.25290799140930176,
            0.12667999999999999,
            0.05108,
            234376,
            235024,
            1585770115.4311171,
            15811555063130978,
            "doParsingAndDesignResolution",
            "exit"
        ],
        [
            0.26343584060668945,
            0.13054499999999999,
            0.053033999999999998,
            234376,
            235024,
            1585770115.4416449,
            15811555088359797,
            "doPostDesignResolutionToVir2Vcs",
            "entry"
        ],
        [
            0.3437049388885498,
            0.19281100000000001,
            0.062917000000000001,
            238988,
            238992,
            1585770115.521914,
            15811555280775273,
            "doUptoVir2VcsNoSepCleanup",
            "entry"
        ],
        [
            0.65110993385314941,
            0.38433099999999998,
            0.10709200000000001,
            249224,
            249244,
            1585770115.829319,
            15811556017730878,
            "doUptoVir2VcsNoSepCleanup",
            "exit"
        ],
        [
            0.65123581886291504,
            0.38443100000000002,
            0.10712000000000001,
            249224,
            249244,
            1585770115.8294449,
            15811556017968162,
            "doRadify_vir2vcsAll",
            "entry"
        ],
        [
            0.67654585838317871,
            0.40051300000000001,
            0.110694,
            249224,
            249244,
            1585770115.8547549,
            15811556078667380,
            "doRadify_vir2vcsAll",
            "exit"
        ],
        [
            0.6766049861907959,
            0.400561,
            0.110707,
            249224,
            249244,
            1585770115.8548141,
            15811556078770818,
            "doPostDesignResolutionToVir2Vcs",
            "exit"
        ],
        [
            0.67664599418640137,
            0.40059299999999998,
            0.11071599999999999,
            249224,
            249244,
            1585770115.8548551,
            15811556078866450,
            "doGAToPass2",
            "entry"
        ],
        [
            0.73686695098876953,
            0.40181800000000001,
            0.11652700000000001,
            247408,
            249244,
            1585770115.915076,
            15811556223277698,
            "DoPass2",
            "entry"
        ],
        [
            1.017117977142334,
            0.60107900000000003,
            0.15378700000000001,
            249388,
            249416,
            1585770116.195327,
            15811556895347630,
            "DoPass2",
            "exit"
        ]
    ],
    "NameTable": {
        "_vcs_unit__1327612396": [
            "_vcs_unit__1327612396",
            "jqQHP",
            "module",
            1
        ],
        "rs_psel_gen_0000": [
            "rs_psel_gen_0000",
            "xjVMK",
            "module",
            14
        ],
        "wand_sel_0001": [
            "wand_sel_0001",
            "ci1CE",
            "module",
            16
        ],
        "brcond": [
            "brcond",
            "VqGv5",
            "module",
            6
        ],
        "RS_Line_0000": [
            "RS_Line_0000",
            "Z4jCT",
            "module",
            12
        ],
        "std": [
            "std",
            "reYIK",
            "module",
            2
        ],
        "processor_0000": [
            "processor_0000",
            "UzNI6",
            "module",
            10
        ],
        "mem": [
            "mem",
            "FSbWZ",
            "module",
            3
        ],
        "wand_sel_0000": [
            "wand_sel_0000",
            "hckDL",
            "module",
            15
        ],
        "...MASTER...": [
            "SIM",
            "amcQw",
            "module",
            17
        ],
        "ex_stage_0000": [
            "ex_stage_0000",
            "tmdK7",
            "module",
            7
        ],
        "alu": [
            "alu",
            "C26kq",
            "module",
            5
        ],
        "testbench": [
            "testbench",
            "iAVhC",
            "module",
            4
        ],
        "decoder": [
            "decoder",
            "zf0bY",
            "module",
            8
        ],
        "mult_stage": [
            "mult_stage",
            "aUVMg",
            "module",
            9
        ],
        "rob": [
            "rob",
            "vtxDx",
            "module",
            11
        ],
        "RS_0000": [
            "RS_0000",
            "vG3v3",
            "module",
            13
        ]
    },
    "MlibObjs": {},
    "CurCompileModules": [
        "...MASTER...",
        "_vcs_unit__1327612396",
        "std",
        "mem",
        "testbench",
        "testbench",
        "alu",
        "brcond",
        "ex_stage_0000",
        "decoder",
        "mult_stage",
        "processor_0000",
        "rob",
        "RS_Line_0000",
        "RS_0000",
        "rs_psel_gen_0000",
        "wand_sel_0000",
        "wand_sel_0001"
    ],
    "cpu_cycles_pass2_start": 15811556223312180,
    "PrevCompiledModules": {
        "rob": {
            "vtxDx_d": {
                "bytes": 58644,
                "mode": 4,
                "mod": "rob",
                "checksum": 0,
                "out": "vtxDx_d.o",
                "archive": "archive.16/_prev_archive_1.a"
            }
        },
        "ex_stage_0000": {
            "tmdK7_d": {
                "bytes": 39502,
                "mode": 4,
                "mod": "ex_stage_0000",
                "checksum": 0,
                "out": "tmdK7_d.o",
                "archive": "archive.16/_prev_archive_1.a"
            }
        },
        "...MASTER...": {
            "amcQw_d": {
                "bytes": 7866,
                "mode": 4,
                "mod": "...MASTER...",
                "checksum": 0,
                "out": "objs/amcQw_d.o"
            }
        },
        "wand_sel_0000": {
            "hckDL_d": {
                "bytes": 241864,
                "mode": 4,
                "mod": "wand_sel_0000",
                "checksum": 0,
                "out": "hckDL_d.o",
                "archive": "archive.16/_prev_archive_1.a"
            }
        },
        "mem": {
            "FSbWZ_d": {
                "bytes": 21144,
                "mode": 4,
                "mod": "mem",
                "checksum": 0,
                "out": "FSbWZ_d.o",
                "archive": "archive.16/_prev_archive_1.a"
            }
        },
        "mult_stage": {
            "aUVMg_d": {
                "bytes": 17522,
                "mode": 4,
                "mod": "mult_stage",
                "checksum": 0,
                "out": "aUVMg_d.o",
                "archive": "archive.16/_prev_archive_1.a"
            }
        },
        "std": {
            "reYIK_d": {
                "bytes": 33820,
                "mode": 4,
                "mod": "std",
                "checksum": 0,
                "out": "reYIK_d.o",
                "archive": "archive.16/_prev_archive_1.a"
            }
        },
        "processor_0000": {
            "UzNI6_d": {
                "bytes": 376920,
                "mode": 4,
                "mod": "processor_0000",
                "checksum": 0,