{
    "cpu_cycles_pass2_start": 16946773268650228,
    "SIMBData": {
        "archive": "archive.6/_12414_archive_1.a",
        "bytes": 135612,
        "out": "amcQwB.o",
        "text": 0
    },
    "cycles_program_begin": 16946765382182882,
    "perf": [
        [
            0.17133784294128418,
            0.066211000000000006,
            0.052165999999999997,
            228664,
            229316,
            1586895552.8849139,
            16946765695809634,
            "doParsingAndDesignResolution",
            "entry"
        ],
        [
            0.424346923828125,
            0.25684699999999999,
            0.072955999999999993,
            246540,
            247188,
            1586895553.137923,
            16946766251093304,
            "doParsingAndDesignResolution",
            "exit"
        ],
        [
            0.44598484039306641,
            0.26517299999999999,
            0.074767,
            246540,
            247188,
            1586895553.1595609,
            16946766298581656,
            "doPostDesignResolutionToVir2Vcs",
            "entry"
        ],
        [
            0.90187287330627441,
            0.575353,
            0.095298999999999995,
            251208,
            251212,
            1586895553.615449,
            16946767299171554,
            "doUptoVir2VcsNoSepCleanup",
            "entry"
        ],
        [
            3.3892199993133545,
            2.3582749999999999,
            0.40848800000000002,
            269604,
            269624,
            1586895556.1027961,
            16946772758530744,
            "doUptoVir2VcsNoSepCleanup",
            "exit"
        ],
        [
            3.3894209861755371,
            2.3584490000000002,
            0.40851799999999999,
            269604,
            269624,
            1586895556.1029971,
            16946772758855700,
            "doRadify_vir2vcsAll",
            "entry"
        ],
        [
            3.5334138870239258,
            2.4736060000000002,
            0.41575699999999999,
            269604,
            269624,
            1586895556.24699,
            16946773074996704,
            "doRadify_vir2vcsAll",
            "exit"
        ],
        [
            3.5335218906402588,
            2.4737010000000001,
            0.415773,
            269604,
            269624,
            1586895556.247098,
            16946773075158506,
            "doPostDesignResolutionToVir2Vcs",
            "exit"
        ],
        [
            3.5335910320281982,
            2.4737010000000001,
            0.41584199999999999,
            269604,
            269624,
            1586895556.2471671,
            16946773075279768,
            "doGAToPass2",
            "entry"
        ],
        [
            3.6216180324554443,
            2.4824579999999998,
            0.42371199999999998,
            266488,
            269624,
            1586895556.3351941,
            16946773268562618,
            "DoPass2",
            "entry"
        ],
        [
            8.335486888885498,
            5.9060059999999996,
            0.56423599999999996,
            283640,
            283668,
            1586895561.049063,
            16946783614696290,
            "DoPass2",
            "exit"
        ]
    ],
    "stat": {
        "cpu_cycles_cgstart": 16946773268811490,
        "ru_self_cgstart": {
            "ru_utime_sec": 2.4826199999999998,
            "ru_nvcsw": 1378,
            "ru_stime_sec": 0.42374000000000001,
            "ru_nivcsw": 198,
            "ru_minflt": 34448,
            "ru_maxrss_kb": 102088,
            "ru_majflt": 0
        },
        "ru_childs_cgstart": {
            "ru_utime_sec": 0.021326000000000001,
            "ru_nvcsw": 17,
            "ru_stime_sec": 0.022575000000000001,
            "ru_nivcsw": 8,
            "ru_minflt": 6352,
            "ru_maxrss_kb": 47396,
            "ru_majflt": 0
        },
        "nMops": 1023188,
        "ru_childs_end": {
            "ru_utime_sec": 0.023369999999999998,
            "ru_nvcsw": 19,
            "ru_stime_sec": 0.026661000000000001,
            "ru_nivcsw": 10,
            "ru_minflt": 6950,
            "ru_maxrss_kb": 47820,
            "ru_majflt": 0
        },
        "nQuads": 406657,
        "mopSpeed": 297770.42073661211,
        "totalObjSize": 6981118,
        "ru_self_end": {
            "ru_utime_sec": 5.9167399999999999,
            "ru_nvcsw": 3007,
            "ru_stime_sec": 0.77744000000000002,
            "ru_nivcsw": 424,
            "ru_minflt": 48132,
            "ru_maxrss_kb": 124144,
            "ru_majflt": 0
        },
        "cpu_cycles_end": 16946784460000748,
        "quadSpeed": 118346.21397581723,
        "cpu_cycles_total": 19077817866,
        "mop/quad": 2.5160958744101296,
        "outputSizePerQuad": 17.167091676769367,
        "Frontend(%)": 42.153192449298075,
        "CodeGen(%)": 57.846807550701925,
        "peak_mem_kb": 283668,
        "realTime": 8.720789909362793
    },
    "CurCompileModules": [
        "...MASTER...",
        "...MASTER...",
        "_vcs_unit__4293599388",
        "_vcs_unit__4293599388",
        "std",
        "std",
        "mem",
        "mem",
        "testbench",
        "testbench",
        "arbiter_rr_0000",
        "arbiter_rr_0000",
        "ar_wand_sel_0000",
        "ar_wand_sel_0000",
        "dcache_ctrl_0000",
        "dcache_ctrl_0000",
        "dcache_0000",
        "dcache_0000",
        "DMEM_0000",
        "DMEM_0000",
        "alu",
        "alu",
        "brcond",
        "brcond",
        "ex_stage_0000",
        "ex_stage_0000",
        "decoder",
        "decoder",
        "lq_ps_in_0000",
        "lq_ps_in_0000",
        "lq_wand_sel_0000",
        "lq_wand_sel_0000",
        "mult_stage",
        "mult_stage",
        "processor_0000",
        "processor_0000",
        "rob",
        "rob",
        "RS_Line_0000",
        "RS_Line_0000",
        "RS_0000",
        "RS_0000",
        "store_queue_0000",
        "store_queue_0000",
        "freelist_psel_gen_0000",
        "freelist_psel_gen_0000",
        "rs_psel_gen_0000",
        "rs_psel_gen_0000",
        "wand_sel_0000",
        "wand_sel_0000",
        "wand_sel_0001",
        "wand_sel_0001"
    ],
    "MlibObjs": {},
    "PrevCompiledModules": {
        "wand_sel_0000": {
            "hckDL_d": {
                "archive": "archive.6/_12414_archive_1.a",
                "out": "hckDL_d.o",
                "bytes": 242020,
                "mod": "wand_sel_0000",
                "mode": 4,
                "checksum": 0
            }
        },
        "decoder": {
            "zf0bY_d": {
                "archive": "archive.6/_12414_archive_1.a",
                "out": "zf0bY_d.o",
                "bytes": 24922,
                "mod": "decoder",
                "mode": 4,
                "checksum": 0
            }
        },
        "rob": {
            "vtxDx_d": {
                "archive": "archive.6/_12414_archive_1.a",
                "out": "vtxDx_d.o",
                "bytes": 70308,
                "mod": "rob",
                "mode": 4,
                "checksum": 0
            }
        },
        "mem": {
            "FSbWZ_d": {
                "archive": "archive.6/_12414_archive_1.a",
                "out": "FSbWZ_d.o",
                "bytes": 42842,
                "mod": "mem",
                "mode": 4,
                "checksum": 0
            }
        },
        "_vcs_unit__4293599388": {
            "PGa5H_d": {
                "archive": "archive.6/_12414_archive_1.a",
                "out": "PGa5H_d.o",
                "bytes": 34710,
                "mod": "_vcs_unit__4293599388",
                "mode": 4,
                "checksum": 0
            }
        },
        "ar_wand_sel_0000": {
            "sYgZs_d": {
                "archive": "archive.6/_12414_archive_1.a",
                "out": "sYgZs_d.o",
                "bytes": 61828,