{
    "stat": {
        "ru_self_cgstart": {
            "ru_utime_sec": 0.43408200000000002,
            "ru_stime_sec": 0.119022,
            "ru_maxrss_kb": 78660,
            "ru_majflt": 0,
            "ru_minflt": 28511,
            "ru_nvcsw": 225,
            "ru_nivcsw": 46
        },
        "totalObjSize": 503318,
        "ru_childs_cgstart": {
            "ru_utime_sec": 0.016813999999999999,
            "ru_stime_sec": 0.022280000000000001,
            "ru_maxrss_kb": 26488,
            "ru_majflt": 0,
            "ru_minflt": 6350,
            "ru_nvcsw": 17,
            "ru_nivcsw": 6
        },
        "quadSpeed": 99006.595400228034,
        "outputSizePerQuad": 16.011897944900426,
        "cpu_cycles_cgstart": 14511526092782506,
        "nMops": 106752,
        "CodeGen(%)": 41.319382084618489,
        "cpu_cycles_total": 4387133582,
        "nQuads": 31434,
        "cpu_cycles_end": 14511527318251246,
        "ru_self_end": {
            "ru_utime_sec": 0.74943300000000002,
            "ru_stime_sec": 0.17263899999999999,
            "ru_maxrss_kb": 91304,
            "ru_majflt": 0,
            "ru_minflt": 34607,
            "ru_nvcsw": 323,
            "ru_nivcsw": 91
        },
        "ru_childs_end": {
            "ru_utime_sec": 0.018957000000000002,
            "ru_stime_sec": 0.025495,
            "ru_maxrss_kb": 26916,
            "ru_majflt": 0,
            "ru_minflt": 6946,
            "ru_nvcsw": 19,
            "ru_nivcsw": 8
        },
        "mopSpeed": 336233.12566536688,
        "mop/quad": 3.3960679518992176,
        "Frontend(%)": 58.680617915381518,
        "peak_mem_kb": 249416,
        "realTime": 2.0227680206298828
    },
    "incremental": "on",
    "CompileStatus": "Successful",
    "cycles_program_begin": 14511522931117664,
    "CurCompileUdps": {},
    "perf": [
        [
            0.15730690956115723,
            0.052946,
            0.041957000000000001,
            228660,
            229308,
            1585785984.5327439,
            14511523224207228,
            "doParsingAndDesignResolution",
            "entry"
        ],
        [
            0.23835206031799316,
            0.120531,
            0.051797999999999997,
            234384,
            235032,
            1585785984.6137891,
            14511523402098586,
            "doParsingAndDesignResolution",
            "exit"
        ],
        [
            0.26171398162841797,
            0.12543499999999999,
            0.053333999999999999,
            234384,
            235032,
            1585785984.637151,
            14511523453372388,
            "doPostDesignResolutionToVir2Vcs",
            "entry"
        ],
        [
            0.38772487640380859,
            0.19596,
            0.065320000000000003,
            238996,
            239000,
            1585785984.7631619,
            14511523729966046,
            "doUptoVir2VcsNoSepCleanup",
            "entry"
        ],
        [
            1.3414008617401123,
            0.41224499999999997,
            0.106804,
            249228,
            249248,
            1585785985.7168379,
            14511525823110228,
            "doUptoVir2VcsNoSepCleanup",
            "exit"
        ],
        [
            1.3415369987487793,
            0.412354,
            0.106832,
            249228,
            249248,
            1585785985.716974,
            14511525823338754,
            "doRadify_vir2vcsAll",
            "entry"
        ],
        [
            1.3765950202941895,
            0.432145,
            0.111778,
            249228,
            249248,
            1585785985.752032,
            14511525900396248,
            "doRadify_vir2vcsAll",
            "exit"
        ],
        [
            1.3767049312591553,
            0.432145,
            0.11189,
            249228,
            249248,
            1585785985.752142,
            14511525900525876,
            "doPostDesignResolutionToVir2Vcs",
            "exit"
        ],
        [
            1.3767600059509277,
            0.432145,
            0.111946,
            249228,
            249248,
            1585785985.752197,
            14511525900641192,
            "doGAToPass2",
            "entry"
        ],
        [
            1.4642109870910645,
            0.43397599999999997,
            0.118993,
            247412,
            249248,
            1585785985.839648,
            14511526092649276,
            "DoPass2",
            "entry"
        ],
        [
            1.9058589935302734,
            0.74645600000000001,
            0.15368200000000001,
            249388,
            249416,
            1585785986.281296,
            14511527062009174,
            "DoPass2",
            "exit"
        ]
    ],
    "MlibObjs": {},
    "PrevCompiledModules": {
        "std": {
            "reYIK_d": {
                "bytes": 33820,
                "mod": "std",
                "mode": 4,
                "checksum": 0,
                "archive": "archive.39/_prev_archive_1.a",
                "out": "reYIK_d.o"
            }
        },
        "RS_0000": {
            "vG3v3_d": {
                "bytes": 84998,
                "mod": "RS_0000",
                "mode": 4,
                "checksum": 0,
                "archive": "archive.39/_prev_archive_1.a",
                "out": "vG3v3_d.o"
            }
        },
        "rob": {
            "vtxDx_d": {
                "bytes": 58644,
                "mod": "rob",
                "mode": 4,
                "checksum": 0,
                "archive": "archive.39/_prev_archive_1.a",
                "out": "vtxDx_d.o"
            }
        },
        "mem": {
            "FSbWZ_d": {
                "bytes": 21144,
                "mod": "mem",
                "mode": 4,
                "checksum": 0,
                "archive": "archive.39/_prev_archive_1.a",
                "out": "FSbWZ_d.o"
            }
        },
        "testbench": {
            "iAVhC_d": {
                "bytes": 61030,
                "mod": "testbench",
                "mode": 4,
                "checksum": 0,
                "archive": "archive.39/_prev_archive_1.a",
                "out": "iAVhC_d.o"
            }
        },
        "brcond": {
            "VqGv5_d": {
                "bytes": 10576,
                "mod": "brcond",
                "mode": 4,
                "checksum": 0,
                "archive": "archive.39/_prev_archive_1.a",
                "out": "VqGv5_d.o"
            }
        },
        "mult_stage": {
            "aUVMg_d": {
                "bytes": 17522,
                "mod": "mult_stage",
                "mode": 4,
                "checksum": 0,
                "archive": "archive.39/_prev_archive_1.a",
                "out": "aUVMg_d.o"
            }
        },
        "rs_psel_gen_0000": {
            "xjVMK_d": {
                "bytes": 40204,
                "mod": "rs_psel_gen_0000",
                "mode": 4,
                "checksum": 0,
                "archive": "archive.39/_prev_archive_1.a",
                "out": "xjVMK_d.o"
            }
        },
        "wand_sel_0000": {
            "hckDL_d": {
                "bytes": 241864,
                "mod": "wand_sel_0000",
                "mode": 4,
                "checksum": 0,
                "archive": "archive.39/_prev_archive_1.a",
                "out": "hckDL_d.o"
            }
        },
        "alu": {
            "C26kq_d": {
                "bytes": 42152,
                "mod": "alu",
                "mode": 4,
                "checksum": 0,
                "archive": "archive.39/_prev_archive_1.a",
                "out": "C26kq_d.o"
            }
        },
        "RS_Line_0000": {
            "Z4jCT_d": {
                "bytes": 29558,
                "mod": "RS_Line_0000",
                "mode": 4,
                "checksum": 0,
                "archive": "archive.39/_prev_archive_1.a",