{
    "MlibObjs": {},
    "cycles_program_begin": 16806764914525722,
    "perf": [
        [
            0.345703125,
            0.078911999999999996,
            0.047549000000000001,
            228716,
            229364,
            1586831747.87099,
            16806765608598850,
            "doParsingAndDesignResolution",
            "entry"
        ],
        [
            0.56909418106079102,
            0.26627800000000001,
            0.078673000000000007,
            246480,
            247128,
            1586831748.0943811,
            16806766098918870,
            "doParsingAndDesignResolution",
            "exit"
        ],
        [
            0.58375120162963867,
            0.27539599999999997,
            0.079986000000000002,
            246480,
            247128,
            1586831748.1090381,
            16806766131078558,
            "doPostDesignResolutionToVir2Vcs",
            "entry"
        ],
        [
            0.90688419342041016,
            0.55880600000000002,
            0.104337,
            251152,
            251156,
            1586831748.4321711,
            16806766840301406,
            "doUptoVir2VcsNoSepCleanup",
            "entry"
        ],
        [
            2.9380030632019043,
            2.1678769999999998,
            0.39761000000000002,
            269648,
            269668,
            1586831750.46329,
            16806771298671088,
            "doUptoVir2VcsNoSepCleanup",
            "exit"
        ],
        [
            2.9383950233459473,
            2.1678769999999998,
            0.398003,
            269648,
            269668,
            1586831750.4636819,
            16806771299053578,
            "doRadify_vir2vcsAll",
            "entry"
        ],
        [
            3.0469892024993896,
            2.257587,
            0.40856300000000001,
            269648,
            269668,
            1586831750.5722761,
            16806771537437392,
            "doRadify_vir2vcsAll",
            "exit"
        ],
        [
            3.0470681190490723,
            2.2576550000000002,
            0.40857500000000002,
            269648,
            269668,
            1586831750.572355,
            16806771537556232,
            "doPostDesignResolutionToVir2Vcs",
            "exit"
        ],
        [
            3.0471181869506836,
            2.257698,
            0.40858299999999997,
            269648,
            269668,
            1586831750.5724051,
            16806771537660622,
            "doGAToPass2",
            "entry"
        ],
        [
            3.1186401844024658,
            2.2632919999999999,
            0.41975600000000002,
            266532,
            269668,
            1586831750.6439271,
            16806771694714208,
            "DoPass2",
            "entry"
        ],
        [
            5.9591012001037598,
            4.9359320000000002,
            0.53910100000000005,
            281416,
            281444,
            1586831753.4843881,
            16806777929098572,
            "DoPass2",
            "exit"
        ]
    ],
    "Misc": {
        "vcs_version": "N-2017.12-SP2-1_Full64",
        "cwd": "/afs/umich.edu/user/h/c/hcyang/Downloads/group7w20",
        "csrc": "csrc",
        "vcs_build_date": "Build Date = Jul 14 2018 20:29:59",
        "daidir": "/afs/umich.edu/user/h/c/hcyang/Downloads/group7w20/dve.daidir",
        "master_pid": 28069,
        "daidir_abs": "/afs/umich.edu/user/h/c/hcyang/Downloads/group7w20/dve.daidir",
        "VCS_HOME": "/usr/caen/vcs-2017.12-SP2-1",
        "default_output_dir": "csrc",
        "csrc_abs": "/afs/umich.edu/user/h/c/hcyang/Downloads/group7w20/csrc",
        "archive_dir": "archive.10"
    },
    "stat": {
        "ru_self_cgstart": {
            "ru_nivcsw": 101,
            "ru_utime_sec": 2.2634300000000001,
            "ru_stime_sec": 0.41978100000000002,
            "ru_maxrss_kb": 102020,
            "ru_majflt": 0,
            "ru_minflt": 34443,
            "ru_nvcsw": 1833
        },
        "cpu_cycles_end": 16806778411008412,
        "ru_childs_cgstart": {
            "ru_nivcsw": 7,
            "ru_utime_sec": 0.026048000000000002,
            "ru_stime_sec": 0.018894000000000001,
            "ru_maxrss_kb": 47348,
            "ru_majflt": 0,
            "ru_minflt": 6352,
            "ru_nvcsw": 18
        },
        "realTime": 6.1788580417633057,
        "cpu_cycles_cgstart": 16806771694935538,
        "cpu_cycles_total": 13496482690,
        "ru_childs_end": {
            "ru_nivcsw": 9,
            "ru_utime_sec": 0.027088000000000001,
            "ru_stime_sec": 0.024094000000000001,
            "ru_maxrss_kb": 47772,
            "ru_majflt": 0,
            "ru_minflt": 6949,
            "ru_nvcsw": 20
        },
        "nMops": 719530,
        "quadSpeed": 94643.137430768897,
        "ru_self_end": {
            "ru_nivcsw": 141,
            "ru_utime_sec": 4.9382099999999998,
            "ru_stime_sec": 0.71588499999999999,
            "ru_maxrss_kb": 121724,
            "ru_majflt": 0,
            "ru_minflt": 47396,
            "ru_nvcsw": 3729
        },
        "nQuads": 253248,
        "mopSpeed": 268900.74818186578,
        "totalObjSize": 5632188,
        "Frontend(%)": 46.109578921547104,
        "mop/quad": 2.8412070381602224,
        "outputSizePerQuad": 22.239812357846855,
        "CodeGen(%)": 53.890421078452896,
        "peak_mem_kb": 281444
    },
    "PrevCompiledModules": {
        "rob": {
            "vtxDx_d": {
                "bytes": 70308,
                "mod": "rob",
                "mode": 4,
                "checksum": 0,
                "archive": "archive.10/_prev_archive_1.a",
                "out": "vtxDx_d.o"
            }
        },
        "store_queue_0000": {
            "fNfNe_d": {
                "bytes": 902022,
                "mod": "store_queue_0000",
                "mode": 4,
                "checksum": 0,
                "archive": "archive.10/_28069_archive_1.a",
                "out": "fNfNe_d.o"
            }
        },
        "...MASTER...": {
            "amcQw_d": {
                "bytes": 8022,
                "mod": "...MASTER...",
                "mode": 4,
                "checksum": 0,
                "out": "objs/amcQw_d.o"
            }
        },
        "lq_ps_in_0000": {
            "gqQ8q_d": {
                "bytes": 318954,
                "mod": "lq_ps_in_0000",
                "mode": 4,
                "checksum": 0,
                "archive": "archive.10/_28069_archive_1.a",
                "out": "gqQ8q_d.o"
            }
        },
        "freelist_psel_gen_0000": {
            "L652r_d": {
                "bytes": 99778,
                "mod": "freelist_psel_gen_0000",
                "mode": 4,
                "checksum": 0,
                "archive": "archive.10/_prev_archive_1.a",
                "out": "L652r_d.o"
            }
        },
        "mem": {
            "FSbWZ_d": {
                "bytes": 42842,
                "mod": "mem",
                "mode": 4,
                "checksum": 0,
                "archive": "archive.10/_prev_archive_1.a",
                "out": "FSbWZ_d.o"
            }
        },
        "ar_wand_sel_0000": {
            "sYgZs_d": {
                "bytes": 61828,
                "mod": "ar_wand_sel_0000",
                "mode": 4,
                "checksum": 0,
                "archive": "archive.10/_prev_archive_1.a",
                "out": "sYgZs_d.o"
            }
        },
        "wand_sel_0000": {
            "hckDL_d": {
                "bytes": 242020,
                "mod": "wand_sel_0000",
                "mode": 4,
                "checksum": 0,
                "archive": "archive.10/_28069_archive_1.a",
                "out": "hckDL_d.o"
            }
        },
        "mult_stage": {
            "aUVMg_d": {
                "bytes": 17678,
                "mod": "mult_stage",
                "mode": 4,