{
    "cycles_program_begin": 5494379504780350,
    "CompileStrategy": "fullobj",
    "perf": [
        [
            0.19982385635375977,
            0.064505000000000007,
            0.038703000000000001,
            228668,
            229316,
            1586872198.4507599,
            5494379888426932,
            "doParsingAndDesignResolution",
            "entry"
        ],
        [
            0.74125885963439941,
            0.25409399999999999,
            0.058790000000000002,
            246436,
            247084,
            1586872198.9921949,
            5494381076794850,
            "doParsingAndDesignResolution",
            "exit"
        ],
        [
            0.80908298492431641,
            0.26162000000000002,
            0.060911,
            246436,
            247084,
            1586872199.060019,
            5494381225651128,
            "doPostDesignResolutionToVir2Vcs",
            "entry"
        ],
        [
            1.5288028717041016,
            0.55516399999999999,
            0.080314999999999998,
            251120,
            251124,
            1586872199.7797389,
            5494382805302618,
            "doUptoVir2VcsNoSepCleanup",
            "entry"
        ],
        [
            6.2362210750579834,
            2.3519000000000001,
            0.36498399999999998,
            269724,
            269744,
            1586872204.4871571,
            5494393137309992,
            "doUptoVir2VcsNoSepCleanup",
            "exit"
        ],
        [
            6.2363748550415039,
            2.352036,
            0.36500500000000002,
            269724,
            269744,
            1586872204.4873109,
            5494393137574382,
            "doRadify_vir2vcsAll",
            "entry"
        ],
        [
            6.526202917098999,
            2.452439,
            0.377913,
            269724,
            269744,
            1586872204.7771389,
            5494393773764422,
            "doRadify_vir2vcsAll",
            "exit"
        ],
        [
            6.5262880325317383,
            2.452515,
            0.37792500000000001,
            269724,
            269744,
            1586872204.7772241,
            5494393773883354,
            "doPostDesignResolutionToVir2Vcs",
            "exit"
        ],
        [
            6.5263369083404541,
            2.4525570000000001,
            0.37793100000000002,
            269724,
            269744,
            1586872204.7772729,
            5494393773986260,
            "doGAToPass2",
            "entry"
        ],
        [
            6.706204891204834,
            2.4580479999999998,
            0.38837500000000003,
            266608,
            269744,
            1586872204.9571409,
            5494394170122442,
            "DoPass2",
            "entry"
        ],
        [
            10.500921964645386,
            3.9493559999999999,
            0.46433600000000003,
            277588,
            277616,
            1586872208.751858,
            5494402497620858,
            "DoPass2",
            "exit"
        ]
    ],
    "NameTable": {
        "dcache_ctrl_0000": [
            "dcache_ctrl_0000",
            "j2LDI",
            "module",
            7
        ],
        "std": [
            "std",
            "reYIK",
            "module",
            2
        ],
        "DMEM_0000": [
            "DMEM_0000",
            "BaCRA",
            "module",
            9
        ],
        "_vcs_unit__4293599388": [
            "_vcs_unit__4293599388",
            "PGa5H",
            "module",
            1
        ],
        "mem": [
            "mem",
            "FSbWZ",
            "module",
            3
        ],
        "wand_sel_0001": [
            "wand_sel_0001",
            "ci1CE",
            "module",
            25
        ],
        "ar_wand_sel_0000": [
            "ar_wand_sel_0000",
            "sYgZs",
            "module",
            6
        ],
        "lq_wand_sel_0000": [
            "lq_wand_sel_0000",
            "RCLGV",
            "module",
            15
        ],
        "testbench": [
            "testbench",
            "iAVhC",
            "module",
            4
        ],
        "ex_stage_0000": [
            "ex_stage_0000",
            "tmdK7",
            "module",
            12
        ],
        "arbiter_rr_0000": [
            "arbiter_rr_0000",
            "Tjq5i",
            "module",
            5
        ],
        "decoder": [
            "decoder",
            "zf0bY",
            "module",
            13
        ],
        "RS_Line_0000": [
            "RS_Line_0000",
            "Z4jCT",
            "module",
            19
        ],
        "dcache_0000": [
            "dcache_0000",
            "Nmdq6",
            "module",
            8
        ],
        "alu": [
            "alu",
            "C26kq",
            "module",
            10
        ],
        "rob": [
            "rob",
            "vtxDx",
            "module",
            18
        ],
        "lq_ps_in_0000": [
            "lq_ps_in_0000",
            "gqQ8q",
            "module",
            14
        ],
        "brcond": [
            "brcond",
            "VqGv5",
            "module",
            11
        ],
        "mult_stage": [
            "mult_stage",
            "aUVMg",
            "module",
            16
        ],
        "processor_0000": [
            "processor_0000",
            "UzNI6",
            "module",
            17
        ],
        "RS_0000": [
            "RS_0000",
            "vG3v3",
            "module",
            20
        ],
        "store_queue_0000": [
            "store_queue_0000",
            "fNfNe",
            "module",
            21
        ],
        "freelist_psel_gen_0000": [
            "freelist_psel_gen_0000",
            "L652r",
            "module",
            22
        ],
        "rs_psel_gen_0000": [
            "rs_psel_gen_0000",
            "xjVMK",
            "module",
            23
        ],
        "wand_sel_0000": [
            "wand_sel_0000",
            "hckDL",
            "module",
            24
        ],
        "...MASTER...": [
            "SIM",
            "amcQw",
            "module",
            26
        ]
    },
    "PrevCompiledModules": {
        "brcond": {
            "VqGv5_d": {
                "bytes": 10740,
                "mod": "brcond",
                "out": "VqGv5_d.o",
                "checksum": 0,
                "mode": 4,
                "archive": "archive.7/_prev_archive_1.a"
            }
        },
        "lq_ps_in_0000": {
            "gqQ8q_d": {
                "bytes": 318962,
                "mod": "lq_ps_in_0000",
                "out": "gqQ8q_d.o",
                "checksum": 0,
                "mode": 4,
                "archive": "archive.7/_prev_archive_1.a"
            }
        },
        "rob": {
            "vtxDx_d": {
                "bytes": 70182,
                "mod": "rob",
                "out": "vtxDx_d.o",
                "checksum": 0,
                "mode": 4,
                "archive": "archive.7/_3168_archive_1.a"
            }
        },
        "mem": {
            "FSbWZ_d": {
                "bytes": 42850,
                "mod": "mem",
                "out": "FSbWZ_d.o",
                "checksum": 0,
                "mode": 4,
                "archive": "archive.7/_prev_archive_1.a"
            }
        },
        "mult_stage": {
            "aUVMg_d": {
                "bytes": 17686,
                "mod": "mult_stage",
                "out": "aUVMg_d.o",
                "checksum": 0,
                "mode": 4,
                "archive": "archive.7/_prev_archive_1.a"
            }
        },
        "dcache_0000": {
            "Nmdq6_d": {
                "bytes": 71160,
                "mod": "dcache_0000",
                "out": "Nmdq6_d.o",
                "checksum": 0,
                "mode": 4,