{
    "cycles_program_begin": 16944203042244038,
    "perf": [
        [
            0.17652988433837891,
            0.048112000000000002,
            0.055128000000000003,
            228564,
            229364,
            1586894385.446234,
            16944203368269854,
            "doParsingAndDesignResolution",
            "entry"
        ],
        [
            0.40430188179016113,
            0.222113,
            0.089044999999999999,
            246588,
            247236,
            1586894385.674006,
            16944203868212796,
            "doParsingAndDesignResolution",
            "exit"
        ],
        [
            0.42568492889404297,
            0.22931399999999999,
            0.090728000000000003,
            246588,
            247236,
            1586894385.695389,
            16944203915135964,
            "doPostDesignResolutionToVir2Vcs",
            "entry"
        ],
        [
            0.79851484298706055,
            0.50776600000000005,
            0.10323499999999999,
            251260,
            251264,
            1586894386.0682189,
            16944204733411262,
            "doUptoVir2VcsNoSepCleanup",
            "entry"
        ],
        [
            4.0516598224639893,
            2.132457,
            0.375608,
            269656,
            269676,
            1586894389.3213639,
            16944211873531652,
            "doUptoVir2VcsNoSepCleanup",
            "exit"
        ],
        [
            4.0518009662628174,
            2.1325780000000001,
            0.37563000000000002,
            269656,
            269676,
            1586894389.3215051,
            16944211873773654,
            "doRadify_vir2vcsAll",
            "entry"
        ],
        [
            4.1724309921264648,
            2.2148870000000001,
            0.393513,
            269656,
            269676,
            1586894389.4421351,
            16944212138637682,
            "doRadify_vir2vcsAll",
            "exit"
        ],
        [
            4.1725358963012695,
            2.2148870000000001,
            0.39362000000000003,
            269656,
            269676,
            1586894389.44224,
            16944212138760654,
            "doPostDesignResolutionToVir2Vcs",
            "exit"
        ],
        [
            4.1725869178771973,
            2.2148870000000001,
            0.39367099999999999,
            269656,
            269676,
            1586894389.442291,
            16944212138866680,
            "doGAToPass2",
            "entry"
        ],
        [
            4.3479149341583252,
            2.2232210000000001,
            0.40122000000000002,
            266540,
            269676,
            1586894389.617619,
            16944212523760202,
            "DoPass2",
            "entry"
        ],
        [
            10.323330879211426,
            5.5811840000000004,
            0.58108199999999999,
            283696,
            283724,
            1586894395.593035,
            16944225638745678,
            "DoPass2",
            "exit"
        ]
    ],
    "CompileProcesses": [
        "cgproc.10891.json"
    ],
    "cpu_cycles_pass2_start": 16944212523791758,
    "MlibObjs": {},
    "SIMBData": {
        "out": "amcQwB.o",
        "bytes": 135652,
        "text": 0,
        "archive": "archive.5/_10891_archive_1.a"
    },
    "PrevCompiledModules": {
        "lq_ps_in_0000": {
            "gqQ8q_d": {
                "bytes": 357400,
                "archive": "archive.5/_10891_archive_1.a",
                "mod": "lq_ps_in_0000",
                "out": "gqQ8q_d.o",
                "mode": 4,
                "checksum": 0
            }
        },
        "wand_sel_0000": {
            "hckDL_d": {
                "bytes": 242020,
                "archive": "archive.5/_10891_archive_1.a",
                "mod": "wand_sel_0000",
                "out": "hckDL_d.o",
                "mode": 4,
                "checksum": 0
            }
        },
        "arbiter_rr_0000": {
            "Tjq5i_d": {
                "bytes": 38484,
                "archive": "archive.5/_10891_archive_1.a",
                "mod": "arbiter_rr_0000",
                "out": "Tjq5i_d.o",
                "mode": 4,
                "checksum": 0
            }
        },
        "mult_stage": {
            "aUVMg_d": {
                "bytes": 17678,
                "archive": "archive.5/_10891_archive_1.a",
                "mod": "mult_stage",
                "out": "aUVMg_d.o",
                "mode": 4,
                "checksum": 0
            }
        },
        "rob": {
            "vtxDx_d": {
                "bytes": 70308,
                "archive": "archive.5/_10891_archive_1.a",
                "mod": "rob",
                "out": "vtxDx_d.o",
                "mode": 4,
                "checksum": 0
            }
        },
        "mem": {
            "FSbWZ_d": {
                "bytes": 42842,
                "archive": "archive.5/_10891_archive_1.a",
                "mod": "mem",
                "out": "FSbWZ_d.o",
                "mode": 4,
                "checksum": 0
            }
        },
        "rs_psel_gen_0000": {
            "xjVMK_d": {
                "bytes": 40360,
                "archive": "archive.5/_10891_archive_1.a",
                "mod": "rs_psel_gen_0000",
                "out": "xjVMK_d.o",
                "mode": 4,
                "checksum": 0
            }
        },
        "testbench": {
            "iAVhC_d": {
                "bytes": 72868,
                "archive": "archive.5/_10891_archive_1.a",
                "mod": "testbench",
                "out": "iAVhC_d.o",
                "mode": 4,
                "checksum": 0
            }
        },
        "std": {
            "reYIK_d": {
                "bytes": 33972,
                "archive": "archive.5/_10891_archive_1.a",
                "mod": "std",
                "out": "reYIK_d.o",
                "mode": 4,
                "checksum": 0
            }
        },
        "store_queue_0000": {
            "fNfNe_d": {
                "bytes": 897910,
                "archive": "archive.5/_10891_archive_1.a",
                "mod": "store_queue_0000",
                "out": "fNfNe_d.o",
                "mode": 4,
                "checksum": 0
            }
        },
        "...MASTER...": {
            "amcQw_d": {
                "bytes": 8022,
                "mod": "...MASTER...",
                "out": "objs/amcQw_d.o",
                "mode": 4,
                "checksum": 0
            }
        },
        "RS_0000": {
            "vG3v3_d": {
                "bytes": 84326,
                "archive": "archive.5/_10891_archive_1.a",
                "mod": "RS_0000",
                "out": "vG3v3_d.o",
                "mode": 4,
                "checksum": 0
            }
        },
        "RS_Line_0000": {
            "Z4jCT_d": {
                "bytes": 29480,
                "archive": "archive.5/_10891_archive_1.a",
                "mod": "RS_Line_0000",
                "out": "Z4jCT_d.o",
                "mode": 4,
                "checksum": 0
            }
        },
        "freelist_psel_gen_0000": {
            "L652r_d": {
                "bytes": 99778,
                "archive": "archive.5/_10891_archive_1.a",
                "mod": "freelist_psel_gen_0000",
                "out": "L652r_d.o",
                "mode": 4,
                "checksum": 0
            }
        },
        "lq_wand_sel_0000": {
            "RCLGV_d": {
                "bytes": 61820,
                "archive": "archive.5/_10891_archive_1.a",
                "mod": "lq_wand_sel_0000",
                "out": "RCLGV_d.o",
                "mode": 4,
                "checksum": 0
            }
        },
        "wand_sel_0001": {
            "ci1CE_d": {
                "bytes": 61816,
                "archive": "archive.5/_10891_archive_1.a",
                "mod": "wand_sel_0001",