{
    "cycles_program_begin": 16954234996799738,
    "CurCompileUdps": {},
    "perf": [
        [
            0.33354711532592773,
            0.050661999999999999,
            0.045595999999999998,
            228564,
            229364,
            1586898956.3175061,
            16954235648425382,
            "doParsingAndDesignResolution",
            "entry"
        ],
        [
            0.65121698379516602,
            0.24521000000000001,
            0.063573000000000005,
            246588,
            247236,
            1586898956.6351759,
            16954236345675482,
            "doParsingAndDesignResolution",
            "exit"
        ],
        [
            0.66983199119567871,
            0.25137599999999999,
            0.067367999999999997,
            246588,
            247236,
            1586898956.653791,
            16954236386518270,
            "doPostDesignResolutionToVir2Vcs",
            "entry"
        ],
        [
            1.158566951751709,
            0.552921,
            0.092488000000000001,
            251260,
            251264,
            1586898957.1425259,
            16954237459218398,
            "doUptoVir2VcsNoSepCleanup",
            "entry"
        ],
        [
            4.0551910400390625,
            2.3317899999999998,
            0.37376700000000002,
            269652,
            269672,
            1586898960.03915,
            16954243816803912,
            "doUptoVir2VcsNoSepCleanup",
            "exit"
        ],
        [
            4.0553359985351562,
            2.3319169999999998,
            0.37378800000000001,
            269652,
            269672,
            1586898960.039295,
            16954243817048084,
            "doRadify_vir2vcsAll",
            "entry"
        ],
        [
            4.2332789897918701,
            2.4300700000000002,
            0.37882199999999999,
            269652,
            269672,
            1586898960.2172379,
            16954244207662304,
            "doRadify_vir2vcsAll",
            "exit"
        ],
        [
            4.2333669662475586,
            2.4301599999999999,
            0.37882199999999999,
            269652,
            269672,
            1586898960.2173259,
            16954244207794892,
            "doPostDesignResolutionToVir2Vcs",
            "exit"
        ],
        [
            4.2334229946136475,
            2.4302160000000002,
            0.37882199999999999,
            269652,
            269672,
            1586898960.217382,
            16954244207913998,
            "doGAToPass2",
            "entry"
        ],
        [
            4.467365026473999,
            2.4407109999999999,
            0.38505800000000001,
            266536,
            269672,
            1586898960.451324,
            16954244721451648,
            "DoPass2",
            "entry"
        ],
        [
            9.3631880283355713,
            5.682385,
            0.52874500000000002,
            281512,
            281540,
            1586898965.347147,
            16954255466925496,
            "DoPass2",
            "exit"
        ]
    ],
    "CompileProcesses": [
        "cgproc.16424.json"
    ],
    "PrevCompiledModules": {},
    "CurCompileModules": [
        "...MASTER...",
        "...MASTER...",
        "_vcs_unit__4293599388",
        "_vcs_unit__4293599388",
        "std",
        "std",
        "mem",
        "mem",
        "testbench",
        "testbench",
        "arbiter_rr_0000",
        "arbiter_rr_0000",
        "ar_wand_sel_0000",
        "ar_wand_sel_0000",
        "dcache_ctrl_0000",
        "dcache_ctrl_0000",
        "dcache_0000",
        "dcache_0000",
        "DMEM_0000",
        "DMEM_0000",
        "alu",
        "alu",
        "brcond",
        "brcond",
        "ex_stage_0000",
        "ex_stage_0000",
        "decoder",
        "decoder",
        "lq_ps_in_0000",
        "lq_ps_in_0000",
        "lq_wand_sel_0000",
        "lq_wand_sel_0000",
        "mult_stage",
        "mult_stage",
        "processor_0000",
        "processor_0000",
        "rob",
        "rob",
        "RS_Line_0000",
        "RS_Line_0000",
        "RS_0000",
        "RS_0000",
        "store_queue_0000",
        "store_queue_0000",
        "freelist_psel_gen_0000",
        "freelist_psel_gen_0000",
        "rs_psel_gen_0000",
        "rs_psel_gen_0000",
        "wand_sel_0000",
        "wand_sel_0000",
        "wand_sel_0001",
        "wand_sel_0001"
    ],
    "rlimit": {
        "data": -1,
        "stack": -1
    },
    "incremental": "on",
    "PEModules": [],
    "MlibObjs": {},
    "NameTable": {
        "decoder": [
            "decoder",
            "zf0bY",
            "module",
            13
        ],
        "store_queue_0000": [
            "store_queue_0000",
            "fNfNe",
            "module",
            21
        ],
        "_vcs_unit__4293599388": [
            "_vcs_unit__4293599388",
            "PGa5H",
            "module",
            1
        ],
        "brcond": [
            "brcond",
            "VqGv5",
            "module",
            11
        ],
        "std": [
            "std",
            "reYIK",
            "module",
            2
        ],
        "mem": [
            "mem",
            "FSbWZ",
            "module",
            3
        ],
        "testbench": [
            "testbench",
            "iAVhC",
            "module",
            4
        ],
        "alu": [
            "alu",
            "C26kq",
            "module",
            10
        ],
        "wand_sel_0001": [
            "wand_sel_0001",
            "ci1CE",
            "module",
            25
        ],
        "freelist_psel_gen_0000": [
            "freelist_psel_gen_0000",
            "L652r",
            "module",
            22
        ],
        "ar_wand_sel_0000": [
            "ar_wand_sel_0000",
            "sYgZs",
            "module",
            6
        ],
        "arbiter_rr_0000": [
            "arbiter_rr_0000",
            "Tjq5i",
            "module",
            5
        ],
        "mult_stage": [
            "mult_stage",
            "aUVMg",
            "module",
            16
        ],
        "dcache_ctrl_0000": [
            "dcache_ctrl_0000",
            "j2LDI",
            "module",
            7
        ],
        "dcache_0000": [
            "dcache_0000",
            "Nmdq6",
            "module",
            8
        ],
        "wand_sel_0000": [
            "wand_sel_0000",
            "hckDL",
            "module",
            24
        ],
        "lq_wand_sel_0000": [
            "lq_wand_sel_0000",
            "RCLGV",
            "module",
            15
        ],
        "DMEM_0000": [
            "DMEM_0000",
            "BaCRA",
            "module",
            9
        ],
        "ex_stage_0000": [
            "ex_stage_0000",
            "tmdK7",
            "module",
            12
        ],
        "lq_ps_in_0000": [
            "lq_ps_in_0000",
            "gqQ8q",
            "module",
            14
        ],
        "processor_0000": [
            "processor_0000",
            "UzNI6",
            "module",
            17
        ],
        "rob": [
            "rob",
            "vtxDx",
            "module",
            18
        ],
        "RS_Line_0000": [
            "RS_Line_0000",
            "Z4jCT",
            "module",
            19
        ],
        "RS_0000": [
            "RS_0000",
            "vG3v3",
            "module",
            20
        ],
        "rs_psel_gen_0000": [
            "rs_psel_gen_0000",
            "xjVMK",
            "module",
            23
        ],
        "...MASTER...": [
            "SIM",
            "amcQw",
            "module",
            26
        ]
    },
    "stat": {
        "ru_self_cgstart": {
            "ru_majflt": 0,
            "ru_utime_sec": 2.4408569999999998,
            "ru_minflt": 34479,
            "ru_stime_sec": 0.38508100000000001,