{
    "cycles_program_begin": 14539582558377128,
    "perf": [
        [
            0.16872906684875488,
            0.054748999999999999,
            0.039107000000000003,
            228660,
            229308,
            1585798768.933877,
            14539582877120706,
            "doParsingAndDesignResolution",
            "entry"
        ],
        [
            0.272003173828125,
            0.13553299999999999,
            0.050452999999999998,
            234384,
            235032,
            1585798769.0371511,
            14539583103770178,
            "doParsingAndDesignResolution",
            "exit"
        ],
        [
            0.28192710876464844,
            0.14011299999999999,
            0.052665999999999998,
            234384,
            235032,
            1585798769.047075,
            14539583125562104,
            "doPostDesignResolutionToVir2Vcs",
            "entry"
        ],
        [
            0.38415718078613281,
            0.20727499999999999,
            0.066630999999999996,
            238996,
            239000,
            1585798769.1493051,
            14539583349882674,
            "doUptoVir2VcsNoSepCleanup",
            "entry"
        ],
        [
            0.7289421558380127,
            0.42572599999999999,
            0.1153,
            249228,
            249248,
            1585798769.4940901,
            14539584106679696,
            "doUptoVir2VcsNoSepCleanup",
            "exit"
        ],
        [
            0.72909808158874512,
            0.42572599999999999,
            0.11545900000000001,
            249228,
            249248,
            1585798769.494246,
            14539584106918340,
            "doRadify_vir2vcsAll",
            "entry"
        ],
        [
            0.75631308555603027,
            0.44567600000000002,
            0.119307,
            249228,
            249248,
            1585798769.521461,
            14539584166707672,
            "doRadify_vir2vcsAll",
            "exit"
        ],
        [
            0.75639700889587402,
            0.445743,
            0.119325,
            249228,
            249248,
            1585798769.5215449,
            14539584166822516,
            "doPostDesignResolutionToVir2Vcs",
            "exit"
        ],
        [
            0.75644707679748535,
            0.44578200000000001,
            0.119335,
            249228,
            249248,
            1585798769.521595,
            14539584166928208,
            "doGAToPass2",
            "entry"
        ],
        [
            0.81694912910461426,
            0.44966400000000001,
            0.12523500000000001,
            247412,
            249248,
            1585798769.5820971,
            14539584299828562,
            "DoPass2",
            "entry"
        ],
        [
            1.2132279872894287,
            0.75234100000000004,
            0.17969299999999999,
            249388,
            249416,
            1585798769.9783759,
            14539585169585094,
            "DoPass2",
            "exit"
        ]
    ],
    "CompileStrategy": "fullobj",
    "incremental": "on",
    "MlibObjs": {},
    "PrevCompiledModules": {
        "wand_sel_0000": {
            "hckDL_d": {
                "mod": "wand_sel_0000",
                "bytes": 241864,
                "mode": 4,
                "checksum": 0,
                "archive": "archive.46/_prev_archive_1.a",
                "out": "hckDL_d.o"
            }
        },
        "rob": {
            "vtxDx_d": {
                "mod": "rob",
                "bytes": 58644,
                "mode": 4,
                "checksum": 0,
                "archive": "archive.46/_prev_archive_1.a",
                "out": "vtxDx_d.o"
            }
        },
        "mem": {
            "FSbWZ_d": {
                "mod": "mem",
                "bytes": 21144,
                "mode": 4,
                "checksum": 0,
                "archive": "archive.46/_prev_archive_1.a",
                "out": "FSbWZ_d.o"
            }
        },
        "wand_sel_0001": {
            "ci1CE_d": {
                "mod": "wand_sel_0001",
                "bytes": 61660,
                "mode": 4,
                "checksum": 0,
                "archive": "archive.46/_prev_archive_1.a",
                "out": "ci1CE_d.o"
            }
        },
        "brcond": {
            "VqGv5_d": {
                "mod": "brcond",
                "bytes": 10576,
                "mode": 4,
                "checksum": 0,
                "archive": "archive.46/_prev_archive_1.a",
                "out": "VqGv5_d.o"
            }
        },
        "mult_stage": {
            "aUVMg_d": {
                "mod": "mult_stage",
                "bytes": 17522,
                "mode": 4,
                "checksum": 0,
                "archive": "archive.46/_prev_archive_1.a",
                "out": "aUVMg_d.o"
            }
        },
        "rs_psel_gen_0000": {
            "xjVMK_d": {
                "mod": "rs_psel_gen_0000",
                "bytes": 40204,
                "mode": 4,
                "checksum": 0,
                "archive": "archive.46/_prev_archive_1.a",
                "out": "xjVMK_d.o"
            }
        },
        "RS_Line_0000": {
            "Z4jCT_d": {
                "mod": "RS_Line_0000",
                "bytes": 29558,
                "mode": 4,
                "checksum": 0,
                "archive": "archive.46/_prev_archive_1.a",
                "out": "Z4jCT_d.o"
            }
        },
        "alu": {
            "C26kq_d": {
                "mod": "alu",
                "bytes": 42152,
                "mode": 4,
                "checksum": 0,
                "archive": "archive.46/_prev_archive_1.a",
                "out": "C26kq_d.o"
            }
        },
        "std": {
            "reYIK_d": {
                "mod": "std",
                "bytes": 33820,
                "mode": 4,
                "checksum": 0,
                "archive": "archive.46/_prev_archive_1.a",
                "out": "reYIK_d.o"
            }
        },
        "testbench": {
            "iAVhC_d": {
                "mod": "testbench",
                "bytes": 61030,
                "mode": 4,
                "checksum": 0,
                "archive": "archive.46/_prev_archive_1.a",
                "out": "iAVhC_d.o"
            }
        },
        "_vcs_unit__1327612396": {
            "jqQHP_d": {
                "mod": "_vcs_unit__1327612396",
                "bytes": 30158,
                "out": "jqQHP_d.o",
                "mode": 4,
                "checksum": 0,
                "archive": "archive.46/_prev_archive_1.a"
            }
        },
        "ex_stage_0000": {
            "tmdK7_d": {
                "mod": "ex_stage_0000",
                "bytes": 39502,
                "mode": 4,
                "checksum": 0,
                "archive": "archive.46/_prev_archive_1.a",
                "out": "tmdK7_d.o"
            }
        },
        "...MASTER...": {
            "amcQw_d": {
                "mod": "...MASTER...",
                "bytes": 7866,
                "mode": 4,
                "checksum": 0,
                "out": "objs/amcQw_d.o"
            }
        },
        "decoder": {
            "zf0bY_d": {
                "mod": "decoder",
                "bytes": 22328,
                "mode": 4,
                "checksum": 0,
                "archive": "archive.46/_prev_archive_1.a",
                "out": "zf0bY_d.o"
            }
        },
        "processor_0000": {
            "UzNI6_d": {
                "mod": "processor_0000",
                "bytes": 384286,
                "out": "UzNI6_d.o",
                "mode": 4,
                "checksum": 0,
                "archive": "archive.46/_24853_archive_1.a"
            }
        },
        "RS_0000": {
            "vG3v3_d": {
                "mod": "RS_0000",
                "bytes": 84998,
                "mode": 4,