{
    "cpu_cycles_pass2_start": 17078127633235240,
    "MlibObjs": {},
    "perf": [
        [
            0.15721702575683594,
            0.053874999999999999,
            0.035226,
            228512,
            229312,
            1586955381.245332,
            17078121664316588,
            "doParsingAndDesignResolution",
            "entry"
        ],
        [
            0.34566593170166016,
            0.221248,
            0.055564000000000002,
            246532,
            247180,
            1586955381.4337809,
            17078122077951252,
            "doParsingAndDesignResolution",
            "exit"
        ],
        [
            0.35955691337585449,
            0.22819,
            0.057807999999999998,
            246532,
            247180,
            1586955381.4476719,
            17078122108430800,
            "doPostDesignResolutionToVir2Vcs",
            "entry"
        ],
        [
            0.67235898971557617,
            0.50717100000000004,
            0.079655000000000004,
            251204,
            251208,
            1586955381.760474,
            17078122794962380,
            "doUptoVir2VcsNoSepCleanup",
            "entry"
        ],
        [
            2.7083399295806885,
            2.096082,
            0.345858,
            269672,
            269692,
            1586955383.7964549,
            17078127263759426,
            "doUptoVir2VcsNoSepCleanup",
            "exit"
        ],
        [
            2.7085480690002441,
            2.0962049999999999,
            0.34587800000000002,
            269672,
            269692,
            1586955383.796663,
            17078127264025854,
            "doRadify_vir2vcsAll",
            "entry"
        ],
        [
            2.8016741275787354,
            2.18167,
            0.35098099999999999,
            269672,
            269692,
            1586955383.8897891,
            17078127468476606,
            "doRadify_vir2vcsAll",
            "exit"
        ],
        [
            2.8017690181732178,
            2.1817530000000001,
            0.350995,
            269672,
            269692,
            1586955383.889884,
            17078127468598858,
            "doPostDesignResolutionToVir2Vcs",
            "exit"
        ],
        [
            2.8018209934234619,
            2.1817980000000001,
            0.35100199999999998,
            269672,
            269692,
            1586955383.889936,
            17078127468709220,
            "doGAToPass2",
            "entry"
        ],
        [
            2.8767240047454834,
            2.1900279999999999,
            0.359184,
            266556,
            269692,
            1586955383.964839,
            17078127633177892,
            "DoPass2",
            "entry"
        ],
        [
            6.2280919551849365,
            5.3261609999999999,
            0.47783500000000001,
            281700,
            281728,
            1586955387.3162069,
            17078134988880932,
            "DoPass2",
            "exit"
        ]
    ],
    "cycles_program_begin": 17078121369002708,
    "CompileProcesses": [
        "cgproc.17286.json"
    ],
    "CurCompileModules": [
        "...MASTER...",
        "...MASTER...",
        "_vcs_unit__4293599388",
        "_vcs_unit__4293599388",
        "std",
        "std",
        "mem",
        "mem",
        "testbench",
        "testbench",
        "arbiter_rr_0000",
        "arbiter_rr_0000",
        "ar_wand_sel_0000",
        "ar_wand_sel_0000",
        "dcache_ctrl_0000",
        "dcache_ctrl_0000",
        "dcache_0000",
        "dcache_0000",
        "DMEM_0000",
        "DMEM_0000",
        "alu",
        "alu",
        "brcond",
        "brcond",
        "ex_stage_0000",
        "ex_stage_0000",
        "decoder",
        "decoder",
        "lq_ps_in_0000",
        "lq_ps_in_0000",
        "lq_wand_sel_0000",
        "lq_wand_sel_0000",
        "mult_stage",
        "mult_stage",
        "processor_0000",
        "processor_0000",
        "rob",
        "rob",
        "RS_Line_0000",
        "RS_Line_0000",
        "RS_0000",
        "RS_0000",
        "store_queue_0000",
        "store_queue_0000",
        "freelist_psel_gen_0000",
        "freelist_psel_gen_0000",
        "rs_psel_gen_0000",
        "rs_psel_gen_0000",
        "wand_sel_0000",
        "wand_sel_0000",
        "wand_sel_0001",
        "wand_sel_0001"
    ],
    "CompileStrategy": "fullobj",
    "PrevCompiledModules": {},
    "NameTable": {
        "_vcs_unit__4293599388": [
            "_vcs_unit__4293599388",
            "PGa5H",
            "module",
            1
        ],
        "wand_sel_0001": [
            "wand_sel_0001",
            "ci1CE",
            "module",
            25
        ],
        "dcache_ctrl_0000": [
            "dcache_ctrl_0000",
            "j2LDI",
            "module",
            7
        ],
        "mem": [
            "mem",
            "FSbWZ",
            "module",
            3
        ],
        "std": [
            "std",
            "reYIK",
            "module",
            2
        ],
        "ex_stage_0000": [
            "ex_stage_0000",
            "tmdK7",
            "module",
            12
        ],
        "ar_wand_sel_0000": [
            "ar_wand_sel_0000",
            "sYgZs",
            "module",
            6
        ],
        "testbench": [
            "testbench",
            "iAVhC",
            "module",
            4
        ],
        "arbiter_rr_0000": [
            "arbiter_rr_0000",
            "Tjq5i",
            "module",
            5
        ],
        "decoder": [
            "decoder",
            "zf0bY",
            "module",
            13
        ],
        "dcache_0000": [
            "dcache_0000",
            "Nmdq6",
            "module",
            8
        ],
        "DMEM_0000": [
            "DMEM_0000",
            "BaCRA",
            "module",
            9
        ],
        "alu": [
            "alu",
            "C26kq",
            "module",
            10
        ],
        "lq_wand_sel_0000": [
            "lq_wand_sel_0000",
            "RCLGV",
            "module",
            15
        ],
        "lq_ps_in_0000": [
            "lq_ps_in_0000",
            "gqQ8q",
            "module",
            14
        ],
        "brcond": [
            "brcond",
            "VqGv5",
            "module",
            11
        ],
        "mult_stage": [
            "mult_stage",
            "aUVMg",
            "module",
            16
        ],
        "processor_0000": [
            "processor_0000",
            "UzNI6",
            "module",
            17
        ],
        "rob": [
            "rob",
            "vtxDx",
            "module",
            18
        ],
        "RS_Line_0000": [
            "RS_Line_0000",
            "Z4jCT",
            "module",
            19
        ],
        "RS_0000": [
            "RS_0000",
            "vG3v3",
            "module",
            20
        ],
        "...MASTER...": [
            "SIM",
            "amcQw",
            "module",
            26
        ],
        "store_queue_0000": [
            "store_queue_0000",
            "fNfNe",
            "module",
            21
        ],
        "freelist_psel_gen_0000": [
            "freelist_psel_gen_0000",
            "L652r",
            "module",
            22
        ],
        "rs_psel_gen_0000": [
            "rs_psel_gen_0000",
            "xjVMK",
            "module",
            23
        ],
        "wand_sel_0000": [
            "wand_sel_0000",
            "hckDL",
            "module",
            24
        ]
    },
    "incremental": "on",
    "SIMBData": {
        "archive": "archive.1/_17286_archive_1.a",
        "text": 0,
        "out": "amcQwB.o",
        "bytes": 135604
    },
    "LVLData": [
        "SIM"
    ],
    "stat": {
        "cpu_cycles_end": 17078135705682014,
        "nQuads": 254180,