{
    "CompileStrategy": "fullobj",
    "cycles_program_begin": 26918110818553,
    "perf": [
        [
            0.15785598754882812,
            0.031888,
            0.017937000000000002,
            266888,
            267504,
            1583273211.9207871,
            26918572914277,
            "doParsingAndDesignResolution",
            "entry"
        ],
        [
            0.17372298240661621,
            0.040998,
            0.020499,
            268020,
            268668,
            1583273211.9366541,
            26918623565669,
            "doParsingAndDesignResolution",
            "exit"
        ],
        [
            0.17378377914428711,
            0.041038999999999999,
            0.020518999999999999,
            268020,
            268668,
            1583273211.9367149,
            26918623715973,
            "doPostDesignResolutionToVir2Vcs",
            "entry"
        ],
        [
            0.23328495025634766,
            0.046670999999999997,
            0.026811000000000001,
            273324,
            273328,
            1583273211.9962161,
            26918813675377,
            "doUptoVir2VcsNoSepCleanup",
            "entry"
        ],
        [
            0.47310495376586914,
            0.078510999999999997,
            0.042733,
            282848,
            282856,
            1583273212.2360361,
            26919579199451,
            "doUptoVir2VcsNoSepCleanup",
            "exit"
        ],
        [
            0.47317790985107422,
            0.078558000000000003,
            0.042758999999999998,
            282848,
            282856,
            1583273212.236109,
            26919579392039,
            "doRadify_vir2vcsAll",
            "entry"
        ],
        [
            0.48171186447143555,
            0.080994999999999998,
            0.044888999999999998,
            282848,
            282856,
            1583273212.244643,
            26919606664759,
            "doRadify_vir2vcsAll",
            "exit"
        ],
        [
            0.48175883293151855,
            0.081026000000000001,
            0.044906000000000001,
            282848,
            282856,
            1583273212.2446899,
            26919606778601,
            "doPostDesignResolutionToVir2Vcs",
            "exit"
        ],
        [
            0.48179388046264648,
            0.081047999999999995,
            0.044918,
            282848,
            282856,
            1583273212.244725,
            26919606884096,
            "doGAToPass2",
            "entry"
        ],
        [
            0.53240180015563965,
            0.082627999999999993,
            0.047784,
            281292,
            282856,
            1583273212.2953329,
            26919768487802,
            "DoPass2",
            "entry"
        ],
        [
            0.64721488952636719,
            0.15718699999999999,
            0.058559,
            283256,
            283280,
            1583273212.410146,
            26920134959430,
            "DoPass2",
            "exit"
        ]
    ],
    "cpu_cycles_pass2_start": 26919768507284,
    "MlibObjs": {},
    "stat": {
        "ru_self_cgstart": {
            "ru_utime_sec": 0.082721000000000003,
            "ru_stime_sec": 0.047837999999999999,
            "ru_minflt": 24926,
            "ru_maxrss_kb": 80788,
            "ru_majflt": 167,
            "ru_nvcsw": 330,
            "ru_nivcsw": 4
        },
        "totalObjSize": 327524,
        "ru_childs_cgstart": {
            "ru_utime_sec": 0.012603,
            "ru_stime_sec": 0.010121,
            "ru_minflt": 6323,
            "ru_maxrss_kb": 28128,
            "ru_majflt": 11,
            "ru_nvcsw": 55,
            "ru_nivcsw": 7
        },
        "nQuads": 5789,
        "outputSizePerQuad": 56.57695629642425,
        "cpu_cycles_cgstart": 26919769451246,
        "mop/quad": 3.4520642598030746,
        "quadSpeed": 75025.920165889067,
        "Frontend(%)": 55.265415922636308,
        "nMops": 19984,
        "ru_self_end": {
            "ru_utime_sec": 0.159881,
            "ru_stime_sec": 0.064366999999999994,
            "ru_minflt": 28720,
            "ru_maxrss_kb": 91368,
            "ru_majflt": 210,
            "ru_nvcsw": 452,
            "ru_nivcsw": 6
        },
        "ru_childs_end": {
            "ru_utime_sec": 0.012603,
            "ru_stime_sec": 0.010121,
            "ru_minflt": 6323,
            "ru_maxrss_kb": 28128,
            "ru_majflt": 11,
            "ru_nvcsw": 55,
            "ru_nivcsw": 7
        },
        "cpu_cycles_end": 26920206911851,
        "cpu_cycles_total": 2096093298,
        "mopSpeed": 258994.29756350443,
        "CodeGen(%)": 44.734584077363692,
        "realTime": 0.6698458194732666,
        "peak_mem_kb": 283280
    },
    "PrevCompiledModules": {},
    "SIMBData": {
        "out": "amcQwB.o",
        "archive": "archive.0/_9769_archive_1.a",
        "bytes": 71550,
        "text": 0
    },
    "NameTable": {
        "RS_Line_0000": [
            "RS_Line_0000",
            "Z4jCT",
            "module",
            3
        ],
        "_vcs_unit__773399399": [
            "_vcs_unit__773399399",
            "tpLuY",
            "module",
            1
        ],
        "std": [
            "std",
            "reYIK",
            "module",
            2
        ],
        "RS_0000": [
            "RS_0000",
            "vG3v3",
            "module",
            4
        ],
        "...MASTER...": [
            "SIM",
            "amcQw",
            "module",
            6
        ],
        "testbench": [
            "testbench",
            "iAVhC",
            "module",
            5
        ]
    },
    "CurCompileUdps": {},
    "LVLData": [
        "SIM"
    ],
    "CompileProcesses": [
        "cgproc.9769.json"
    ],
    "Misc": {
        "daidir_abs": "/afs/umich.edu/user/s/u/sunsusan/Desktop/group7w20/simv.daidir",
        "vcs_version": "N-2017.12-SP2-1_Full64",
        "master_pid": 9769,
        "vcs_build_date": "Build Date = Jul 14 2018 20:29:59",
        "cwd": "/afs/umich.edu/user/s/u/sunsusan/Desktop/group7w20",
        "daidir": "/afs/umich.edu/user/s/u/sunsusan/Desktop/group7w20/simv.daidir",
        "csrc": "csrc",
        "VCS_HOME": "/usr/caen/vcs-2017.12-SP2-1",
        "archive_dir": "archive.0",
        "csrc_abs": "/afs/umich.edu/user/s/u/sunsusan/Desktop/group7w20/csrc",
        "default_output_dir": "csrc"
    },
    "incremental": "on",
    "rlimit": {
        "data": -1,
        "stack": -1
    },
    "CurCompileModules": [
        "...MASTER...",
        "...MASTER...",
        "_vcs_unit__773399399",
        "_vcs_unit__773399399",
        "std",
        "std",
        "RS_Line_0000",
        "RS_Line_0000",
        "RS_0000",
        "RS_0000",
        "testbench",
        "testbench"
    ],
    "PEModules": [],
    "CompileStatus": "Successful"
}