{
    "stat": {
        "ru_childs_end": {
            "ru_utime_sec": 0.019505999999999999,
            "ru_stime_sec": 0.031222,
            "ru_nivcsw": 11,
            "ru_maxrss_kb": 47868,
            "ru_minflt": 6949,
            "ru_nvcsw": 19,
            "ru_majflt": 0
        },
        "ru_self_end": {
            "ru_utime_sec": 3.9108450000000001,
            "ru_stime_sec": 0.51774799999999999,
            "ru_nivcsw": 416,
            "ru_maxrss_kb": 119080,
            "ru_minflt": 46732,
            "ru_nvcsw": 1935,
            "ru_majflt": 0
        },
        "ru_self_cgstart": {
            "ru_utime_sec": 2.3856890000000002,
            "ru_stime_sec": 0.37063200000000002,
            "ru_nivcsw": 219,
            "ru_maxrss_kb": 102244,
            "ru_minflt": 34536,
            "ru_nvcsw": 1616,
            "ru_majflt": 0
        },
        "nQuads": 253967,
        "nMops": 719930,
        "cpu_cycles_end": 16960408628144616,
        "totalObjSize": 1048036,
        "realTime": 5.8153820037841797,
        "ru_childs_cgstart": {
            "ru_utime_sec": 0.018397,
            "ru_stime_sec": 0.026783999999999999,
            "ru_nivcsw": 9,
            "ru_maxrss_kb": 47444,
            "ru_minflt": 6352,
            "ru_nvcsw": 17,
            "ru_majflt": 0
        },
        "CodeGen(%)": 38.83279126978735,
        "cpu_cycles_cgstart": 16960403984092182,
        "peak_mem_kb": 276736,
        "cpu_cycles_total": 12709305562,
        "mopSpeed": 471693.97188561631,
        "outputSizePerQuad": 4.1266621253942439,
        "quadSpeed": 166397.70944102111,
        "mop/quad": 2.8347383715207095,
        "Frontend(%)": 61.167208730212657
    },
    "cycles_program_begin": 16960395918839054,
    "cpu_cycles_pass2_start": 16960403983895686,
    "LVLData": [
        "SIM"
    ],
    "perf": [
        [
            0.16353893280029297,
            0.051650000000000001,
            0.048550999999999997,
            228716,
            229364,
            1586901763.1773319,
            16960396223714720,
            "doParsingAndDesignResolution",
            "entry"
        ],
        [
            0.46229910850524902,
            0.25177899999999998,
            0.063199000000000005,
            246588,
            247236,
            1586901763.4760921,
            16960396879469020,
            "doParsingAndDesignResolution",
            "exit"
        ],
        [
            0.50632190704345703,
            0.25837700000000002,
            0.066874000000000003,
            246588,
            247236,
            1586901763.5201149,
            16960396976079584,
            "doPostDesignResolutionToVir2Vcs",
            "entry"
        ],
        [
            0.94953703880310059,
            0.56105400000000005,
            0.092338000000000003,
            251260,
            251264,
            1586901763.96333,
            16960397948829802,
            "doUptoVir2VcsNoSepCleanup",
            "entry"
        ],
        [
            3.416377067565918,
            2.272939,
            0.35740499999999997,
            269656,
            269676,
            1586901766.4301701,
            16960403363140746,
            "doUptoVir2VcsNoSepCleanup",
            "exit"
        ],
        [
            3.4165499210357666,
            2.2730890000000001,
            0.357429,
            269656,
            269676,
            1586901766.4303429,
            16960403363436384,
            "doRadify_vir2vcsAll",
            "entry"
        ],
        [
            3.5648629665374756,
            2.3753220000000002,
            0.36342600000000003,
            269656,
            269676,
            1586901766.578656,
            16960403689057052,
            "doRadify_vir2vcsAll",
            "exit"
        ],
        [
            3.5649690628051758,
            2.375416,
            0.36343999999999999,
            269656,
            269676,
            1586901766.5787621,
            16960403689177536,
            "doPostDesignResolutionToVir2Vcs",
            "exit"
        ],
        [
            3.565018892288208,
            2.3754590000000002,
            0.36344700000000002,
            269656,
            269676,
            1586901766.5788119,
            16960403689284474,
            "doGAToPass2",
            "entry"
        ],
        [
            3.6991870403289795,
            2.38551,
            0.37063200000000002,
            266540,
            269676,
            1586901766.71298,
            16960403983843752,
            "DoPass2",
            "entry"
        ],
        [
            5.6655890941619873,
            3.9089909999999999,
            0.47573500000000002,
            276708,
            276736,
            1586901768.6793821,
            16960408299739404,
            "DoPass2",
            "exit"
        ]
    ],
    "incremental": "on",
    "MlibObjs": {},
    "PrevCompiledModules": {
        "arbiter_rr_0000": {
            "Tjq5i_d": {
                "bytes": 38484,
                "mod": "arbiter_rr_0000",
                "archive": "archive.5/_prev_archive_1.a",
                "mode": 4,
                "checksum": 0,
                "out": "Tjq5i_d.o"
            }
        },
        "rob": {
            "vtxDx_d": {
                "bytes": 70308,
                "mod": "rob",
                "archive": "archive.5/_prev_archive_1.a",
                "mode": 4,
                "checksum": 0,
                "out": "vtxDx_d.o"
            }
        },
        "ex_stage_0000": {
            "tmdK7_d": {
                "bytes": 37452,
                "mod": "ex_stage_0000",
                "archive": "archive.5/_prev_archive_1.a",
                "mode": 4,
                "checksum": 0,
                "out": "tmdK7_d.o"
            }
        },
        "mem": {
            "FSbWZ_d": {
                "bytes": 42842,
                "mod": "mem",
                "archive": "archive.5/_prev_archive_1.a",
                "mode": 4,
                "checksum": 0,
                "out": "FSbWZ_d.o"
            }
        },
        "RS_Line_0000": {
            "Z4jCT_d": {
                "bytes": 29480,
                "mod": "RS_Line_0000",
                "archive": "archive.5/_prev_archive_1.a",
                "mode": 4,
                "checksum": 0,
                "out": "Z4jCT_d.o"
            }
        },
        "lq_ps_in_0000": {
            "gqQ8q_d": {
                "bytes": 357400,
                "mod": "lq_ps_in_0000",
                "archive": "archive.5/_prev_archive_1.a",
                "mode": 4,
                "checksum": 0,
                "out": "gqQ8q_d.o"
            }
        },
        "mult_stage": {
            "aUVMg_d": {
                "bytes": 17678,
                "mod": "mult_stage",
                "archive": "archive.5/_prev_archive_1.a",
                "mode": 4,
                "checksum": 0,
                "out": "aUVMg_d.o"
            }
        },
        "testbench": {
            "iAVhC_d": {
                "bytes": 72868,
                "mod": "testbench",
                "archive": "archive.5/_prev_archive_1.a",
                "mode": 4,
                "checksum": 0,
                "out": "iAVhC_d.o"
            }
        },
        "rs_psel_gen_0000": {
            "xjVMK_d": {
                "bytes": 40360,
                "mod": "rs_psel_gen_0000",
                "archive": "archive.5/_prev_archive_1.a",
                "mode": 4,
                "checksum": 0,
                "out": "xjVMK_d.o"
            }
        },
        "store_queue_0000": {
            "fNfNe_d": {
                "bytes": 899532,
                "mod": "store_queue_0000",
                "out": "fNfNe_d.o",
                "archive": "archive.5/_30149_archive_1.a",
                "mode": 4,
                "checksum": 0
            }
        },
        "...MASTER...": {
            "amcQw_d": {
                "bytes": 8022,