{
    "cycles_program_begin": 16962675724166320,
    "perf": [
        [
            0.18947410583496094,
            0.057053,
            0.059055000000000003,
            228664,
            229316,
            1586902801.9185231,
            16962676082313750,
            "doParsingAndDesignResolution",
            "entry"
        ],
        [
            0.50083303451538086,
            0.25246000000000002,
            0.082497000000000001,
            246540,
            247188,
            1586902802.229882,
            16962676766108930,
            "doParsingAndDesignResolution",
            "exit"
        ],
        [
            0.54799509048461914,
            0.26085599999999998,
            0.084627999999999995,
            246540,
            247188,
            1586902802.2770441,
            16962676869199358,
            "doPostDesignResolutionToVir2Vcs",
            "entry"
        ],
        [
            0.93571996688842773,
            0.55370399999999997,
            0.104995,
            251208,
            251212,
            1586902802.6647689,
            16962677720193406,
            "doUptoVir2VcsNoSepCleanup",
            "entry"
        ],
        [
            4.5959000587463379,
            2.3309839999999999,
            0.39232400000000001,
            269604,
            269624,
            1586902806.324949,
            16962685753661168,
            "doUptoVir2VcsNoSepCleanup",
            "exit"
        ],
        [
            4.5961160659790039,
            2.3309839999999999,
            0.392542,
            269604,
            269624,
            1586902806.325165,
            16962685754067830,
            "doRadify_vir2vcsAll",
            "entry"
        ],
        [
            4.7377200126647949,
            2.4399519999999999,
            0.399501,
            269604,
            269624,
            1586902806.466769,
            16962686064922926,
            "doRadify_vir2vcsAll",
            "exit"
        ],
        [
            4.7378129959106445,
            2.4400339999999998,
            0.39951399999999998,
            269604,
            269624,
            1586902806.466862,
            16962686065052660,
            "doPostDesignResolutionToVir2Vcs",
            "exit"
        ],
        [
            4.7378671169281006,
            2.4400810000000002,
            0.39952199999999999,
            269604,
            269624,
            1586902806.4669161,
            16962686065170096,
            "doGAToPass2",
            "entry"
        ],
        [
            4.8829200267791748,
            2.4482550000000001,
            0.40804200000000002,
            266488,
            269624,
            1586902806.611969,
            16962686383606276,
            "DoPass2",
            "entry"
        ]
    ],
    "MlibObjs": {},
    "CompileStrategy": "fullobj",
    "PrevCompiledModules": {},
    "NameTable": {
        "arbiter_rr_0000": [
            "arbiter_rr_0000",
            "Tjq5i",
            "module",
            5
        ],
        "_vcs_unit__4293599388": [
            "_vcs_unit__4293599388",
            "PGa5H",
            "module",
            1
        ],
        "dcache_0000": [
            "dcache_0000",
            "Nmdq6",
            "module",
            8
        ],
        "std": [
            "std",
            "reYIK",
            "module",
            2
        ],
        "mem": [
            "mem",
            "FSbWZ",
            "module",
            3
        ],
        "testbench": [
            "testbench",
            "iAVhC",
            "module",
            4
        ],
        "decoder": [
            "decoder",
            "zf0bY",
            "module",
            13
        ],
        "lq_ps_in_0000": [
            "lq_ps_in_0000",
            "gqQ8q",
            "module",
            14
        ],
        "ex_stage_0000": [
            "ex_stage_0000",
            "tmdK7",
            "module",
            12
        ],
        "wand_sel_0000": [
            "wand_sel_0000",
            "hckDL",
            "module",
            24
        ],
        "rob": [
            "rob",
            "vtxDx",
            "module",
            18
        ],
        "ar_wand_sel_0000": [
            "ar_wand_sel_0000",
            "sYgZs",
            "module",
            6
        ],
        "...MASTER...": [
            "SIM",
            "amcQw",
            "module",
            26
        ],
        "dcache_ctrl_0000": [
            "dcache_ctrl_0000",
            "j2LDI",
            "module",
            7
        ],
        "rs_psel_gen_0000": [
            "rs_psel_gen_0000",
            "xjVMK",
            "module",
            23
        ],
        "DMEM_0000": [
            "DMEM_0000",
            "BaCRA",
            "module",
            9
        ],
        "mult_stage": [
            "mult_stage",
            "aUVMg",
            "module",
            16
        ],
        "alu": [
            "alu",
            "C26kq",
            "module",
            10
        ],
        "freelist_psel_gen_0000": [
            "freelist_psel_gen_0000",
            "L652r",
            "module",
            22
        ],
        "brcond": [
            "brcond",
            "VqGv5",
            "module",
            11
        ],
        "lq_wand_sel_0000": [
            "lq_wand_sel_0000",
            "RCLGV",
            "module",
            15
        ],
        "processor_0000": [
            "processor_0000",
            "UzNI6",
            "module",
            17
        ],
        "RS_Line_0000": [
            "RS_Line_0000",
            "Z4jCT",
            "module",
            19
        ],
        "RS_0000": [
            "RS_0000",
            "vG3v3",
            "module",
            20
        ],
        "store_queue_0000": [
            "store_queue_0000",
            "fNfNe",
            "module",
            21
        ],
        "wand_sel_0001": [
            "wand_sel_0001",
            "ci1CE",
            "module",
            25
        ]
    },
    "Misc": {
        "archive_dir": "archive.2",
        "vcs_version": "N-2017.12-SP2-1_Full64",
        "csrc": "csrc",
        "vcs_build_date": "Build Date = Jul 14 2018 20:29:59",
        "master_pid": 26603,
        "VCS_HOME": "/usr/caen/vcs-2017.12-SP2-1",
        "cwd": "/afs/umich.edu/user/s/u/sunsusan/Desktop/group7w20",
        "csrc_abs": "/afs/umich.edu/user/s/u/sunsusan/Desktop/group7w20/csrc",
        "daidir": "/afs/umich.edu/user/s/u/sunsusan/Desktop/group7w20/simv.daidir",
        "daidir_abs": "/afs/umich.edu/user/s/u/sunsusan/Desktop/group7w20/simv.daidir",
        "default_output_dir": "csrc"
    },
    "cpu_cycles_pass2_start": 16962686383634542,
    "stat": {
        "nQuads": 159702,
        "ru_self_cgstart": {
            "ru_utime_sec": 2.4483820000000001,
            "ru_stime_sec": 0.40806300000000001,
            "ru_maxrss_kb": 102232,
            "ru_minflt": 34493,
            "ru_nvcsw": 1454,
            "ru_majflt": 0,
            "ru_nivcsw": 166
        },
        "mop/quad": 2.7672101789583099,
        "realTime": 7.9014139175415039,
        "ru_self_end": {
            "ru_utime_sec": 4.3992620000000002,
            "ru_stime_sec": 0.65410599999999997,
            "ru_maxrss_kb": 121772,
            "ru_minflt": 47308,
            "ru_nvcsw": 2556,
            "ru_majflt": 0,
            "ru_nivcsw": 253
        },
        "quadSpeed": 81825.825382698764,
        "ru_childs_cgstart": {
            "ru_utime_sec": 0.023508000000000001,
            "ru_stime_sec": 0.024997999999999999,
            "ru_maxrss_kb": 47416,
            "ru_minflt": 6352,
            "ru_nvcsw": 18,
            "ru_majflt": 0,
            "ru_nivcsw": 9
        },
        "cpu_cycles_cgstart": 16962686383826274,
        "nMops": 441929,
        "totalObjSize": 4330852,
        "ru_childs_end": {
            "ru_utime_sec": 0.024358999999999999,