{
    "cycles_program_begin": 5410755122919400,
    "stat": {
        "ru_self_cgstart": {
            "ru_utime_sec": 2.3331379999999999,
            "ru_nvcsw": 1336,
            "ru_stime_sec": 0.36918000000000001,
            "ru_maxrss_kb": 101856,
            "ru_minflt": 34367,
            "ru_majflt": 0,
            "ru_nivcsw": 129
        },
        "totalObjSize": 6914026,
        "ru_childs_cgstart": {
            "ru_utime_sec": 0.022467000000000001,
            "ru_nvcsw": 31,
            "ru_stime_sec": 0.020958000000000001,
            "ru_maxrss_kb": 47196,
            "ru_minflt": 6352,
            "ru_majflt": 0,
            "ru_nivcsw": 7
        },
        "nMops": 710938,
        "cpu_cycles_end": 5410782451341068,
        "ru_self_end": {
            "ru_utime_sec": 5.7902490000000002,
            "ru_nvcsw": 1924,
            "ru_stime_sec": 0.80040800000000001,
            "ru_maxrss_kb": 121524,
            "ru_minflt": 47419,
            "ru_majflt": 0,
            "ru_nivcsw": 353
        },
        "cpu_cycles_cgstart": 5410763410757866,
        "nQuads": 250632,
        "quadSpeed": 72474.467289589898,
        "outputSizePerQuad": 27.586365667592325,
        "Frontend(%)": 40.517364154627522,
        "CodeGen(%)": 59.482635845372478,
        "ru_childs_end": {
            "ru_utime_sec": 0.023567000000000001,
            "ru_nvcsw": 33,
            "ru_stime_sec": 0.026457000000000001,
            "ru_maxrss_kb": 47628,
            "ru_minflt": 6950,
            "ru_majflt": 0,
            "ru_nivcsw": 9
        },
        "cpu_cycles_total": 27328421668,
        "mopSpeed": 205579.70580742467,
        "mop/quad": 2.8365811229212552,
        "peak_mem_kb": 281152,
        "realTime": 12.474377155303955
    },
    "Misc": {
        "csrc_abs": "/afs/umich.edu/user/s/u/sunsusan/Desktop/group7w20/csrc",
        "vcs_version": "N-2017.12-SP2-1_Full64",
        "cwd": "/afs/umich.edu/user/s/u/sunsusan/Desktop/group7w20",
        "daidir": "/afs/umich.edu/user/s/u/sunsusan/Desktop/group7w20/simv.daidir",
        "vcs_build_date": "Build Date = Jul 14 2018 20:29:59",
        "master_pid": 22798,
        "VCS_HOME": "/usr/caen/vcs-2017.12-SP2-1",
        "csrc": "csrc",
        "daidir_abs": "/afs/umich.edu/user/s/u/sunsusan/Desktop/group7w20/simv.daidir",
        "archive_dir": "archive.1",
        "default_output_dir": "csrc"
    },
    "NameTable": {
        "_vcs_unit__4293599388": [
            "_vcs_unit__4293599388",
            "PGa5H",
            "module",
            1
        ],
        "ex_stage_0000": [
            "ex_stage_0000",
            "tmdK7",
            "module",
            12
        ],
        "wand_sel_0001": [
            "wand_sel_0001",
            "ci1CE",
            "module",
            25
        ],
        "wand_sel_0000": [
            "wand_sel_0000",
            "hckDL",
            "module",
            24
        ],
        "testbench": [
            "testbench",
            "iAVhC",
            "module",
            4
        ],
        "std": [
            "std",
            "reYIK",
            "module",
            2
        ],
        "...MASTER...": [
            "SIM",
            "amcQw",
            "module",
            26
        ],
        "ar_wand_sel_0000": [
            "ar_wand_sel_0000",
            "sYgZs",
            "module",
            6
        ],
        "mem": [
            "mem",
            "FSbWZ",
            "module",
            3
        ],
        "lq_wand_sel_0000": [
            "lq_wand_sel_0000",
            "RCLGV",
            "module",
            15
        ],
        "decoder": [
            "decoder",
            "zf0bY",
            "module",
            13
        ],
        "arbiter_rr_0000": [
            "arbiter_rr_0000",
            "Tjq5i",
            "module",
            5
        ],
        "dcache_ctrl_0000": [
            "dcache_ctrl_0000",
            "j2LDI",
            "module",
            7
        ],
        "dcache_0000": [
            "dcache_0000",
            "Nmdq6",
            "module",
            8
        ],
        "rs_psel_gen_0000": [
            "rs_psel_gen_0000",
            "xjVMK",
            "module",
            23
        ],
        "rob": [
            "rob",
            "vtxDx",
            "module",
            18
        ],
        "DMEM_0000": [
            "DMEM_0000",
            "BaCRA",
            "module",
            9
        ],
        "brcond": [
            "brcond",
            "VqGv5",
            "module",
            11
        ],
        "RS_0000": [
            "RS_0000",
            "vG3v3",
            "module",
            20
        ],
        "alu": [
            "alu",
            "C26kq",
            "module",
            10
        ],
        "lq_ps_in_0000": [
            "lq_ps_in_0000",
            "gqQ8q",
            "module",
            14
        ],
        "mult_stage": [
            "mult_stage",
            "aUVMg",
            "module",
            16
        ],
        "processor_0000": [
            "processor_0000",
            "UzNI6",
            "module",
            17
        ],
        "freelist_psel_gen_0000": [
            "freelist_psel_gen_0000",
            "L652r",
            "module",
            22
        ],
        "RS_Line_0000": [
            "RS_Line_0000",
            "Z4jCT",
            "module",
            19
        ],
        "store_queue_0000": [
            "store_queue_0000",
            "fNfNe",
            "module",
            21
        ]
    },