{
    "cpu_cycles_pass2_start": 14482300323348510,
    "cycles_program_begin": 14482298465456380,
    "perf": [
        [
            0.25520491600036621,
            0.055073999999999998,
            0.049173000000000001,
            228660,
            229308,
            1585772701.127316,
            14482298971757502,
            "doParsingAndDesignResolution",
            "entry"
        ],
        [
            0.33889102935791016,
            0.127553,
            0.058793999999999999,
            234380,
            235028,
            1585772701.2110021,
            14482299155452870,
            "doParsingAndDesignResolution",
            "exit"
        ],
        [
            0.34894895553588867,
            0.13189699999999999,
            0.061485999999999999,
            234380,
            235028,
            1585772701.22106,
            14482299177481248,
            "doPostDesignResolutionToVir2Vcs",
            "entry"
        ],
        [
            0.44206380844116211,
            0.19847799999999999,
            0.080382999999999996,
            238992,
            238996,
            1585772701.3141749,
            14482299381847728,
            "doUptoVir2VcsNoSepCleanup",
            "entry"
        ],
        [
            0.73317289352416992,
            0.40777999999999998,
            0.120934,
            249228,
            249248,
            1585772701.605284,
            14482300020823068,
            "doUptoVir2VcsNoSepCleanup",
            "exit"
        ],
        [
            0.73332500457763672,
            0.40789799999999998,
            0.12096899999999999,
            249228,
            249248,
            1585772701.6054361,
            14482300021072846,
            "doRadify_vir2vcsAll",
            "entry"
        ],
        [
            0.76006484031677246,
            0.42836800000000003,
            0.12439699999999999,
            249228,
            249248,
            1585772701.6321759,
            14482300079853372,
            "doRadify_vir2vcsAll",
            "exit"
        ],
        [
            0.76016497611999512,
            0.42836800000000003,
            0.124499,
            249228,
            249248,
            1585772701.6322761,
            14482300079987138,
            "doPostDesignResolutionToVir2Vcs",
            "exit"
        ],
        [
            0.7602238655090332,
            0.42836800000000003,
            0.124558,
            249228,
            249248,
            1585772701.6323349,
            14482300080110764,
            "doGAToPass2",
            "entry"
        ],
        [
            0.87099099159240723,
            0.430093,
            0.13202800000000001,
            247412,
            249248,
            1585772701.7431021,
            14482300323305854,
            "DoPass2",
            "entry"
        ],
        [
            1.7677149772644043,
            0.77840900000000002,
            0.180252,
            249388,
            249416,
            1585772702.6398261,
            14482302291470412,
            "DoPass2",
            "exit"
        ]
    ],
    "MlibObjs": {},
    "PrevCompiledModules": {
        "wand_sel_0001": {
            "ci1CE_d": {
                "checksum": 0,
                "bytes": 61660,
                "out": "ci1CE_d.o",
                "mod": "wand_sel_0001",
                "archive": "archive.19/_prev_archive_1.a",
                "mode": 4
            }
        },
        "_vcs_unit__1327612396": {
            "jqQHP_d": {
                "checksum": 0,
                "bytes": 30158,
                "out": "jqQHP_d.o",
                "mod": "_vcs_unit__1327612396",
                "archive": "archive.19/_30520_archive_1.a",
                "mode": 4
            }
        },
        "RS_Line_0000": {
            "Z4jCT_d": {
                "checksum": 0,
                "bytes": 29622,
                "out": "Z4jCT_d.o",
                "mod": "RS_Line_0000",
                "archive": "archive.19/_prev_archive_1.a",
                "mode": 4
            }
        },
        "alu": {
            "C26kq_d": {
                "checksum": 0,
                "bytes": 42556,
                "out": "C26kq_d.o",
                "mod": "alu",
                "archive": "archive.19/_30520_archive_1.a",
                "mode": 4
            }
        },
        "mult_stage": {
            "aUVMg_d": {
                "checksum": 0,
                "bytes": 17522,
                "out": "aUVMg_d.o",
                "mod": "mult_stage",
                "archive": "archive.19/_prev_archive_1.a",
                "mode": 4
            }
        },
        "RS_0000": {
            "vG3v3_d": {
                "checksum": 0,
                "bytes": 86210,
                "out": "vG3v3_d.o",
                "mod": "RS_0000",
                "archive": "archive.19/_prev_archive_1.a",
                "mode": 4
            }
        },
        "rob": {
            "vtxDx_d": {
                "checksum": 0,
                "bytes": 58644,
                "out": "vtxDx_d.o",
                "mod": "rob",
                "archive": "archive.19/_prev_archive_1.a",
                "mode": 4
            }
        },
        "mem": {
            "FSbWZ_d": {
                "checksum": 0,
                "bytes": 21144,
                "out": "FSbWZ_d.o",
                "mod": "mem",
                "archive": "archive.19/_prev_archive_1.a",
                "mode": 4
            }
        },
        "std": {
            "reYIK_d": {
                "checksum": 0,
                "bytes": 33820,
                "out": "reYIK_d.o",
                "mod": "std",
                "archive": "archive.19/_prev_archive_1.a",
                "mode": 4
            }
        },
        "rs_psel_gen_0000": {
            "xjVMK_d": {
                "checksum": 0,
                "bytes": 40204,
                "out": "xjVMK_d.o",
                "mod": "rs_psel_gen_0000",
                "archive": "archive.19/_prev_archive_1.a",
                "mode": 4
            }
        },
        "ex_stage_0000": {
            "tmdK7_d": {
                "checksum": 0,
                "bytes": 39184,
                "out": "tmdK7_d.o",
                "mod": "ex_stage_0000",
                "archive": "archive.19/_30520_archive_1.a",
                "mode": 4
            }
        },
        "brcond": {
            "VqGv5_d": {
                "checksum": 0,
                "bytes": 10576,
                "out": "VqGv5_d.o",
                "mod": "brcond",
                "archive": "archive.19/_30520_archive_1.a",
                "mode": 4
            }
        },
        "testbench": {
            "iAVhC_d": {
                "checksum": 0,
                "bytes": 60994,
                "out": "iAVhC_d.o",
                "mod": "testbench",
                "archive": "archive.19/_prev_archive_1.a",
                "mode": 4
            }
        },
        "wand_sel_0000": {
            "hckDL_d": {
                "checksum": 0,
                "bytes": 241864,
                "out": "hckDL_d.o",
                "mod": "wand_sel_0000",
                "archive": "archive.19/_prev_archive_1.a",
                "mode": 4
            }
        },
        "decoder": {
            "zf0bY_d": {
                "checksum": 0,
                "bytes": 22328,
                "out": "zf0bY_d.o",
                "mod": "decoder",
                "archive": "archive.19/_prev_archive_1.a",
                "mode": 4
            }
        },
        "...MASTER...": {
            "amcQw_d": {
                "checksum": 0,
                "bytes": 7866,
                "out": "objs/amcQw_d.o",
                "mod": "...MASTER...",
                "mode": 4
            }
        },
        "processor_0000": {
            "UzNI6_d": {
                "checksum": 0,
                "bytes": 375050,
                "out": "UzNI6_d.o",