{
    "cpu_cycles_pass2_start": 5363751468968246,
    "SIMBData": {
        "out": "amcQwB.o",
        "bytes": 135036,
        "text": 0,
        "archive": "archive.4/_4213_archive_1.a"
    },
    "cycles_program_begin": 5363744051659086,
    "perf": [
        [
            0.16976213455200195,
            0.070863999999999996,
            0.039481000000000002,
            228664,
            229316,
            1586812678.878602,
            5363744360051264,
            "doParsingAndDesignResolution",
            "entry"
        ],
        [
            0.46541714668273926,
            0.25553999999999999,
            0.061370000000000001,
            246336,
            246984,
            1586812679.174257,
            5363745008958394,
            "doParsingAndDesignResolution",
            "exit"
        ],
        [
            0.47732019424438477,
            0.26290200000000002,
            0.063216999999999995,
            246336,
            246984,
            1586812679.1861601,
            5363745035069014,
            "doPostDesignResolutionToVir2Vcs",
            "entry"
        ],
        [
            0.88308310508728027,
            0.55782399999999999,
            0.073108000000000006,
            251004,
            251008,
            1586812679.591923,
            5363745925677564,
            "doUptoVir2VcsNoSepCleanup",
            "entry"
        ],
        [
            3.2022240161895752,
            2.2345489999999999,
            0.36601299999999998,
            268440,
            268460,
            1586812681.9110639,
            5363751015864558,
            "doUptoVir2VcsNoSepCleanup",
            "exit"
        ],
        [
            3.2024300098419189,
            2.2347579999999998,
            0.36601299999999998,
            268440,
            268460,
            1586812681.9112699,
            5363751016163786,
            "doRadify_vir2vcsAll",
            "entry"
        ],
        [
            3.3169991970062256,
            2.3282859999999999,
            0.37501200000000001,
            268440,
            268460,
            1586812682.0258391,
            5363751267712076,
            "doRadify_vir2vcsAll",
            "exit"
        ],
        [
            3.3170981407165527,
            2.3283740000000002,
            0.37502600000000003,
            268440,
            268460,
            1586812682.025938,
            5363751267838694,
            "doPostDesignResolutionToVir2Vcs",
            "exit"
        ],
        [
            3.3171520233154297,
            2.3284199999999999,
            0.37503399999999998,
            268440,
            268460,
            1586812682.0259919,
            5363751267973144,
            "doGAToPass2",
            "entry"
        ],
        [
            3.408682107925415,
            2.3390599999999999,
            0.379469,
            265324,
            268460,
            1586812682.117522,
            5363751468923274,
            "DoPass2",
            "entry"
        ],
        [
            7.2753682136535645,
            5.302073,
            0.49421799999999999,
            278532,
            278560,
            1586812685.9842081,
            5363759955622754,
            "DoPass2",
            "exit"
        ]
    ],
    "MlibObjs": {},
    "LVLData": [
        "SIM"
    ],
    "PrevCompiledModules": {
        "rob": {
            "vtxDx_d": {
                "mode": 4,
                "bytes": 70206,
                "archive": "archive.4/_prev_archive_1.a",
                "mod": "rob",
                "checksum": 0,
                "out": "vtxDx_d.o"
            }
        },
        "_vcs_unit__4293599388": {
            "PGa5H_d": {
                "mode": 4,
                "bytes": 34710,
                "archive": "archive.4/_prev_archive_1.a",
                "mod": "_vcs_unit__4293599388",
                "out": "PGa5H_d.o",
                "checksum": 0
            }
        },
        "mem": {
            "FSbWZ_d": {
                "mode": 4,
                "bytes": 42842,
                "archive": "archive.4/_prev_archive_1.a",
                "mod": "mem",
                "checksum": 0,
                "out": "FSbWZ_d.o"
            }
        },
        "ex_stage_0000": {
            "tmdK7_d": {
                "mode": 4,
                "bytes": 38170,
                "archive": "archive.4/_prev_archive_1.a",
                "mod": "ex_stage_0000",
                "checksum": 0,
                "out": "tmdK7_d.o"
            }
        },
        "std": {
            "reYIK_d": {
                "mode": 4,
                "bytes": 33972,
                "archive": "archive.4/_prev_archive_1.a",
                "mod": "std",
                "checksum": 0,
                "out": "reYIK_d.o"
            }
        },
        "mult_stage": {
            "aUVMg_d": {
                "mode": 4,
                "bytes": 17678,
                "archive": "archive.4/_prev_archive_1.a",
                "mod": "mult_stage",
                "checksum": 0,
                "out": "aUVMg_d.o"
            }
        },
        "store_queue_0000": {
            "fNfNe_d": {
                "mode": 4,
                "bytes": 904754,
                "archive": "archive.4/_4213_archive_1.a",
                "mod": "store_queue_0000",
                "out": "fNfNe_d.o",
                "checksum": 0
            }
        },
        "testbench": {
            "iAVhC_d": {
                "mode": 4,
                "bytes": 73460,
                "archive": "archive.4/_prev_archive_1.a",
                "mod": "testbench",
                "checksum": 0,
                "out": "iAVhC_d.o"
            }
        },
        "lq_ps_in_0000": {
            "gqQ8q_d": {
                "mode": 4,
                "bytes": 319816,
                "archive": "archive.4/_4213_archive_1.a",
                "mod": "lq_ps_in_0000",
                "out": "gqQ8q_d.o",
                "checksum": 0
            }
        },
        "ar_wand_sel_0000": {
            "sYgZs_d": {
                "mode": 4,
                "bytes": 61828,
                "archive": "archive.4/_4213_archive_1.a",
                "mod": "ar_wand_sel_0000",
                "out": "sYgZs_d.o",
                "checksum": 0
            }
        },
        "rs_psel_gen_0000": {
            "xjVMK_d": {
                "mode": 4,
                "bytes": 40360,
                "archive": "archive.4/_prev_archive_1.a",
                "mod": "rs_psel_gen_0000",
                "out": "xjVMK_d.o",
                "checksum": 0
            }
        },
        "RS_Line_0000": {
            "Z4jCT_d": {
                "mode": 4,
                "bytes": 29714,
                "archive": "archive.4/_prev_archive_1.a",
                "mod": "RS_Line_0000",
                "checksum": 0,
                "out": "Z4jCT_d.o"
            }
        },
        "...MASTER...": {
            "amcQw_d": {
                "mode": 4,
                "bytes": 8022,
                "mod": "...MASTER...",
                "checksum": 0,
                "out": "objs/amcQw_d.o"
            }
        },
        "decoder": {
            "zf0bY_d": {
                "mode": 4,
                "bytes": 23850,
                "archive": "archive.4/_prev_archive_1.a",
                "mod": "decoder",
                "checksum": 0,
                "out": "zf0bY_d.o"
            }
        },
        "dcache_0000": {
            "Nmdq6_d": {
                "mode": 4,
                "bytes": 72142,
                "archive": "archive.4/_prev_archive_1.a",
                "mod": "dcache_0000",
                "checksum": 0,
                "out": "Nmdq6_d.o"
            }
        },
        "wand_sel_0000": {
            "hckDL_d": {
                "mode": 4,
                "bytes": 242020,
                "archive": "archive.4/_4213_archive_1.a",
                "mod": "wand_sel_0000",