{
    "cycles_program_begin": 18680160243863488,
    "perf": [
        [
            0.28531098365783691,
            0.044322,
            0.194414,
            228660,
            229312,
            1586966751.6388619,
            18680160791640106,
            "doParsingAndDesignResolution",
            "entry"
        ],
        [
            0.55809998512268066,
            0.21785399999999999,
            0.27005899999999999,
            246596,
            247244,
            1586966751.9116509,
            18680161445580408,
            "doParsingAndDesignResolution",
            "exit"
        ],
        [
            0.58339905738830566,
            0.224804,
            0.27297700000000003,
            246596,
            247244,
            1586966751.93695,
            18680161506273888,
            "doPostDesignResolutionToVir2Vcs",
            "entry"
        ],
        [
            0.95171213150024414,
            0.48457299999999998,
            0.30097699999999999,
            251268,
            251272,
            1586966752.305263,
            18680162389161110,
            "doUptoVir2VcsNoSepCleanup",
            "entry"
        ],
        [
            3.1696000099182129,
            1.951084,
            0.626633,
            269568,
            269588,
            1586966754.5231509,
            18680167705917034,
            "doUptoVir2VcsNoSepCleanup",
            "exit"
        ],
        [
            3.1700201034545898,
            1.951084,
            0.627054,
            269568,
            269588,
            1586966754.523571,
            18680167706879110,
            "doRadify_vir2vcsAll",
            "entry"
        ],
        [
            3.3030509948730469,
            2.0261640000000001,
            0.64632800000000001,
            269568,
            269588,
            1586966754.6566019,
            18680168025838354,
            "doRadify_vir2vcsAll",
            "exit"
        ],
        [
            3.3031280040740967,
            2.026224,
            0.646347,
            269568,
            269588,
            1586966754.6566789,
            18680168025944230,
            "doPostDesignResolutionToVir2Vcs",
            "exit"
        ],
        [
            3.3031702041625977,
            2.0262560000000001,
            0.64635699999999996,
            269568,
            269588,
            1586966754.6567211,
            18680168026038458,
            "doGAToPass2",
            "entry"
        ],
        [
            3.3962690830230713,
            2.0332650000000001,
            0.65537400000000001,
            266452,
            269588,
            1586966754.74982,
            18680168249285112,
            "DoPass2",
            "entry"
        ],
        [
            7.6311140060424805,
            5.3150839999999997,
            0.83220799999999995,
            283300,
            283328,
            1586966758.9846649,
            18680178401428242,
            "DoPass2",
            "exit"
        ]
    ],
    "CompileStrategy": "fullobj",
    "LVLData": [
        "SIM"
    ],
    "rlimit": {
        "stack": -1,
        "data": -1
    },
    "cpu_cycles_pass2_start": 18680168249308894,
    "MlibObjs": {},
    "PrevCompiledModules": {
        "wand_sel_0000": {
            "hckDL_d": {
                "bytes": 242020,
                "mod": "wand_sel_0000",
                "out": "hckDL_d.o",
                "mode": 4,
                "checksum": 0,
                "archive": "archive.9/_7487_archive_1.a"
            }
        },
        "mult_stage": {
            "aUVMg_d": {
                "bytes": 17678,
                "mod": "mult_stage",
                "mode": 4,
                "checksum": 0,
                "archive": "archive.9/_7487_archive_1.a",
                "out": "aUVMg_d.o"
            }
        },
        "rob": {
            "vtxDx_d": {
                "bytes": 71732,
                "mod": "rob",
                "mode": 4,
                "checksum": 0,
                "archive": "archive.9/_7487_archive_1.a",
                "out": "vtxDx_d.o"
            }
        },
        "lq_ps_in_0000": {
            "gqQ8q_d": {
                "bytes": 357408,
                "mod": "lq_ps_in_0000",
                "out": "gqQ8q_d.o",
                "mode": 4,
                "checksum": 0,
                "archive": "archive.9/_7487_archive_1.a"
            }
        },
        "ar_wand_sel_0000": {
            "sYgZs_d": {
                "bytes": 61828,
                "mod": "ar_wand_sel_0000",
                "mode": 4,
                "checksum": 0,
                "archive": "archive.9/_7487_archive_1.a",
                "out": "sYgZs_d.o"
            }
        },
        "mem": {
            "FSbWZ_d": {
                "bytes": 42842,
                "mod": "mem",
                "mode": 4,
                "checksum": 0,
                "archive": "archive.9/_7487_archive_1.a",
                "out": "FSbWZ_d.o"
            }
        },
        "...MASTER...": {
            "amcQw_d": {
                "bytes": 8022,
                "mod": "...MASTER...",
                "mode": 4,
                "checksum": 0,
                "out": "objs/amcQw_d.o"
            }
        },
        "_vcs_unit__4293599388": {
            "PGa5H_d": {
                "bytes": 34710,
                "mod": "_vcs_unit__4293599388",
                "out": "PGa5H_d.o",
                "mode": 4,
                "checksum": 0,
                "archive": "archive.9/_7487_archive_1.a"
            }
        },
        "RS_Line_0000": {
            "Z4jCT_d": {
                "bytes": 29480,
                "mod": "RS_Line_0000",
                "mode": 4,
                "checksum": 0,
                "archive": "archive.9/_7487_archive_1.a",
                "out": "Z4jCT_d.o"
            }
        },
        "rs_psel_gen_0000": {
            "xjVMK_d": {
                "bytes": 40360,
                "mod": "rs_psel_gen_0000",
                "mode": 4,
                "checksum": 0,
                "archive": "archive.9/_7487_archive_1.a",
                "out": "xjVMK_d.o"
            }
        },
        "brcond": {
            "VqGv5_d": {
                "bytes": 10732,
                "mod": "brcond",
                "mode": 4,
                "checksum": 0,
                "archive": "archive.9/_7487_archive_1.a",
                "out": "VqGv5_d.o"
            }
        },
        "lq_wand_sel_0000": {
            "RCLGV_d": {
                "bytes": 61820,
                "mod": "lq_wand_sel_0000",
                "out": "RCLGV_d.o",
                "mode": 4,
                "checksum": 0,
                "archive": "archive.9/_7487_archive_1.a"
            }
        },
        "testbench": {
            "iAVhC_d": {
                "bytes": 72868,
                "mod": "testbench",
                "mode": 4,
                "checksum": 0,
                "archive": "archive.9/_7487_archive_1.a",
                "out": "iAVhC_d.o"
            }
        },
        "std": {
            "reYIK_d": {
                "bytes": 33972,
                "mod": "std",
                "mode": 4,
                "checksum": 0,
                "archive": "archive.9/_7487_archive_1.a",
                "out": "reYIK_d.o"
            }
        },
        "wand_sel_0001": {
            "ci1CE_d": {
                "bytes": 61816,
                "mod": "wand_sel_0001",
                "mode": 4,
                "checksum": 0,
                "archive": "archive.9/_7487_archive_1.a",
                "out": "ci1CE_d.o"
            }
        },
        "store_queue_0000": {
            "fNfNe_d": {
                "bytes": 915020,
                "mod": "store_queue_0000",
                "out": "fNfNe_d.o",
                "mode": 4,
                "checksum": 0,
                "archive": "archive.9/_7487_archive_1.a"
            }
        },