{
    "stat": {
        "ru_self_cgstart": {
            "ru_stime_sec": 0.38919300000000001,
            "ru_utime_sec": 2.1990889999999998,
            "ru_nivcsw": 210,
            "ru_maxrss_kb": 102152,
            "ru_majflt": 0,
            "ru_minflt": 34485,
            "ru_nvcsw": 1777
        },
        "realTime": 8.1205999851226807,
        "ru_self_end": {
            "ru_stime_sec": 0.74405600000000005,
            "ru_utime_sec": 5.0043810000000004,
            "ru_nivcsw": 425,
            "ru_maxrss_kb": 122136,
            "ru_majflt": 0,
            "ru_minflt": 47546,
            "ru_nvcsw": 3022
        },
        "ru_childs_cgstart": {
            "ru_stime_sec": 0.026210000000000001,
            "ru_utime_sec": 0.015415999999999999,
            "ru_nivcsw": 10,
            "ru_maxrss_kb": 47444,
            "ru_majflt": 0,
            "ru_minflt": 6352,
            "ru_nvcsw": 17
        },
        "CodeGen(%)": 55.884570631043452,
        "cpu_cycles_end": 16940927236461742,
        "cpu_cycles_cgstart": 16940917652907906,
        "quadSpeed": 90727.810153096347,
        "nMops": 719187,
        "totalObjSize": 5940106,
        "nQuads": 254518,
        "outputSizePerQuad": 23.338647954172199,
        "mop/quad": 2.8256822700162663,
        "ru_childs_end": {
            "ru_stime_sec": 0.032292000000000001,
            "ru_utime_sec": 0.015415999999999999,
            "ru_nivcsw": 14,
            "ru_maxrss_kb": 47868,
            "ru_majflt": 0,
            "ru_minflt": 6949,
            "ru_nvcsw": 19
        },
        "cpu_cycles_total": 17772333938,
        "mopSpeed": 256367.96454700609,
        "Frontend(%)": 44.115429368956548,
        "peak_mem_kb": 281840
    },
    "cycles_program_begin": 16940909464127804,
    "perf": [
        [
            0.18204498291015625,
            0.045760000000000002,
            0.049738999999999998,
            228716,
            229364,
            1586892884.847291,
            16940909813096798,
            "doParsingAndDesignResolution",
            "entry"
        ],
        [
            0.47958493232727051,
            0.21954899999999999,
            0.068546999999999997,
            246588,
            247236,
            1586892885.1448309,
            16940910466163744,
            "doParsingAndDesignResolution",
            "exit"
        ],
        [
            0.49209904670715332,
            0.226328,
            0.071160000000000001,
            246588,
            247236,
            1586892885.1573451,
            16940910493602292,
            "doPostDesignResolutionToVir2Vcs",
            "entry"
        ],
        [
            0.98920989036560059,
            0.50798299999999996,
            0.092543,
            251256,
            251260,
            1586892885.6544559,
            16940911584674966,
            "doUptoVir2VcsNoSepCleanup",
            "entry"
        ],
        [
            3.5021920204162598,
            2.0984569999999998,
            0.36778100000000002,
            269656,
            269676,
            1586892888.167438,
            16940917100574194,
            "doUptoVir2VcsNoSepCleanup",
            "exit"
        ],
        [
            3.5024979114532471,
            2.0987179999999999,
            0.36782599999999999,
            269656,
            269676,
            1586892888.1677439,
            16940917100858872,
            "doRadify_vir2vcsAll",
            "entry"
        ],
        [
            3.6520109176635742,
            2.1942719999999998,
            0.37638899999999997,
            269656,
            269676,
            1586892888.3172569,
            16940917429080252,
            "doRadify_vir2vcsAll",
            "exit"
        ],
        [
            3.6521029472351074,
            2.1943519999999999,
            0.37640299999999999,
            269656,
            269676,
            1586892888.317349,
            16940917429216078,
            "doPostDesignResolutionToVir2Vcs",
            "exit"
        ],
        [
            3.6521589756011963,
            2.1943999999999999,
            0.376411,
            269656,
            269676,
            1586892888.317405,
            16940917429335182,
            "doGAToPass2",
            "entry"
        ],
        [
            3.7538740634918213,
            2.1990889999999998,
            0.389015,
            266540,
            269676,
            1586892888.4191201,
            16940917652676498,
            "DoPass2",
            "entry"
        ],
        [
            7.7632510662078857,
            4.9965200000000003,
            0.53962399999999999,
            281812,
            281840,
            1586892892.4284971,
            16940926452506212,
            "DoPass2",
            "exit"
        ]
    ],
    "SIMBData": {
        "text": 0,
        "out": "amcQwB.o",
        "archive": "archive.18/_24446_archive_1.a",
        "bytes": 133816
    },
    "LVLData": [
        "SIM"
    ],
    "rlimit": {
        "data": -1,
        "stack": -1
    },
    "PrevCompiledModules": {
        "rob": {
            "vtxDx_d": {
                "archive": "archive.18/_prev_archive_1.a",
                "mod": "rob",
                "bytes": 70308,
                "checksum": 0,
                "mode": 4,
                "out": "vtxDx_d.o"
            }
        },
        "mem": {
            "FSbWZ_d": {
                "archive": "archive.18/_prev_archive_1.a",
                "mod": "mem",
                "bytes": 42842,
                "checksum": 0,
                "mode": 4,
                "out": "FSbWZ_d.o"
            }
        },
        "processor_0000": {
            "UzNI6_d": {
                "archive": "archive.18/_prev_archive_1.a",
                "mod": "processor_0000",
                "bytes": 432034,
                "checksum": 0,
                "mode": 4,
                "out": "UzNI6_d.o"
            }
        },
        "RS_Line_0000": {
            "Z4jCT_d": {
                "archive": "archive.18/_prev_archive_1.a",
                "mod": "RS_Line_0000",
                "bytes": 29480,
                "checksum": 0,
                "mode": 4,
                "out": "Z4jCT_d.o"
            }
        },
        "lq_wand_sel_0000": {
            "RCLGV_d": {
                "archive": "archive.18/_24446_archive_1.a",
                "mod": "lq_wand_sel_0000",
                "bytes": 61820,
                "out": "RCLGV_d.o",
                "checksum": 0,
                "mode": 4
            }
        },
        "testbench": {
            "iAVhC_d": {
                "archive": "archive.18/_prev_archive_1.a",
                "mod": "testbench",
                "bytes": 72868,
                "checksum": 0,
                "mode": 4,
                "out": "iAVhC_d.o"
            }
        },
        "RS_0000": {
            "vG3v3_d": {
                "archive": "archive.18/_24446_archive_1.a",
                "mod": "RS_0000",
                "bytes": 84326,
                "out": "vG3v3_d.o",
                "checksum": 0,
                "mode": 4
            }
        },
        "rs_psel_gen_0000": {
            "xjVMK_d": {
                "archive": "archive.18/_prev_archive_1.a",
                "mod": "rs_psel_gen_0000",
                "bytes": 40360,
                "checksum": 0,
                "mode": 4,
                "out": "xjVMK_d.o"
            }
        },
        "mult_stage": {
            "aUVMg_d": {
                "archive": "archive.18/_prev_archive_1.a",
                "mod": "mult_stage",
                "bytes": 17678,
                "checksum": 0,
                "mode": 4,
                "out": "aUVMg_d.o"
            }
        },
        "_vcs_unit__4293599388": {
            "PGa5H_d": {
                "archive": "archive.18/_24446_archive_1.a",
                "mod": "_vcs_unit__4293599388",
                "bytes": 34710,
                "out": "PGa5H_d.o",