{
    "cycles_program_begin": 16966468456630576,
    "Misc": {
        "vcs_version": "N-2017.12-SP2-1_Full64",
        "cwd": "/afs/umich.edu/user/s/u/sunsusan/Desktop/group7w20",
        "csrc": "csrc",
        "default_output_dir": "csrc",
        "vcs_build_date": "Build Date = Jul 14 2018 20:29:59",
        "master_pid": 16608,
        "VCS_HOME": "/usr/caen/vcs-2017.12-SP2-1",
        "csrc_abs": "/afs/umich.edu/user/s/u/sunsusan/Desktop/group7w20/csrc",
        "daidir": "/afs/umich.edu/user/s/u/sunsusan/Desktop/group7w20/simv.daidir",
        "daidir_abs": "/afs/umich.edu/user/s/u/sunsusan/Desktop/group7w20/simv.daidir",
        "archive_dir": "archive.5"
    },
    "stat": {
        "ru_self_cgstart": {
            "ru_nvcsw": 1587,
            "ru_utime_sec": 2.2780740000000002,
            "ru_stime_sec": 0.401308,
            "ru_maxrss_kb": 102188,
            "ru_minflt": 34439,
            "ru_majflt": 0,
            "ru_nivcsw": 117
        },
        "quadSpeed": 119401.12417564364,
        "ru_childs_cgstart": {
            "ru_nvcsw": 17,
            "ru_utime_sec": 0.016802999999999998,
            "ru_stime_sec": 0.024664999999999999,
            "ru_maxrss_kb": 47416,
            "ru_minflt": 6348,
            "ru_majflt": 0,
            "ru_nivcsw": 12
        },
        "cpu_cycles_cgstart": 16966475877714098,
        "cpu_cycles_total": 18723270680,
        "ru_self_end": {
            "ru_nvcsw": 3160,
            "ru_utime_sec": 5.6867939999999999,
            "ru_stime_sec": 0.75444900000000004,
            "ru_maxrss_kb": 124360,
            "ru_minflt": 48297,
            "ru_majflt": 0,
            "ru_nivcsw": 291
        },
        "Frontend(%)": 40.235609212923002,
        "nMops": 1025391,
        "nQuads": 407005,
        "totalObjSize": 6998248,
        "ru_childs_end": {
            "ru_nvcsw": 19,
            "ru_utime_sec": 0.016802999999999998,
            "ru_stime_sec": 0.030183000000000001,
            "ru_maxrss_kb": 47840,
            "ru_minflt": 6944,
            "ru_majflt": 0,
            "ru_nivcsw": 14
        },
        "cpu_cycles_end": 16966487179901256,
        "mopSpeed": 300814.08857283671,
        "mop/quad": 2.5193572560533655,
        "outputSizePerQuad": 17.194501296052874,
        "CodeGen(%)": 59.764390787076998,
        "peak_mem_kb": 283928,
        "realTime": 8.55588698387146
    },
    "perf": [
        [
            0.16637396812438965,
            0.056189999999999997,
            0.048016000000000003,
            228664,
            229316,
            1586904529.927958,
            16966468766704286,
            "doParsingAndDesignResolution",
            "entry"
        ],
        [
            0.42367696762084961,
            0.237678,
            0.073519000000000001,
            246540,
            247188,
            1586904530.185261,
            16966469331449614,
            "doParsingAndDesignResolution",
            "exit"
        ],
        [
            0.43543696403503418,
            0.244979,
            0.075610999999999998,
            246540,
            247188,
            1586904530.197021,
            16966469357610066,
            "doPostDesignResolutionToVir2Vcs",
            "entry"
        ],
        [
            0.86130785942077637,
            0.52729199999999998,
            0.095271999999999996,
            251208,
            251212,
            1586904530.6228919,
            16966470291960854,
            "doUptoVir2VcsNoSepCleanup",
            "entry"
        ],
        [
            3.1951889991760254,
            2.1766869999999998,
            0.38241700000000001,
            269604,
            269624,
            1586904532.956773,
            16966475414447980,
            "doUptoVir2VcsNoSepCleanup",
            "exit"
        ],
        [
            3.1953518390655518,
            2.1768269999999998,
            0.382442,
            269604,
            269624,
            1586904532.9569359,
            16966475414740540,
            "doRadify_vir2vcsAll",
            "entry"
        ],
        [
            3.3235139846801758,
            2.2694450000000002,
            0.39238499999999998,
            269604,
            269624,
            1586904533.085098,
            16966475696134286,
            "doRadify_vir2vcsAll",
            "exit"
        ],
        [
            3.3236219882965088,
            2.2694450000000002,
            0.39249499999999998,
            269604,
            269624,
            1586904533.085206,
            16966475696295814,
            "doPostDesignResolutionToVir2Vcs",
            "exit"
        ],
        [
            3.3236908912658691,
            2.2694450000000002,
            0.39256400000000002,
            269604,
            269624,
            1586904533.0852749,
            16966475696421106,
            "doGAToPass2",
            "entry"
        ],
        [
            3.4061708450317383,
            2.2779310000000002,
            0.40129300000000001,
            266488,
            269624,
            1586904533.1677549,
            16966475877529048,
            "DoPass2",
            "entry"
        ],
        [
            8.1942059993743896,
            5.6758069999999998,
            0.54730599999999996,
            283900,
            283928,
            1586904537.95579,
            16966486386405950,
            "DoPass2",
            "exit"
        ]
    ],
    "NameTable": {
        "wand_sel_0001": [
            "wand_sel_0001",
            "ci1CE",
            "module",
            25
        ],
        "_vcs_unit__4293599388": [
            "_vcs_unit__4293599388",
            "PGa5H",
            "module",
            1
        ],
        "std": [
            "std",
            "reYIK",
            "module",
            2
        ],
        "lq_ps_in_0000": [
            "lq_ps_in_0000",
            "gqQ8q",
            "module",
            14
        ],
        "dcache_ctrl_0000": [
            "dcache_ctrl_0000",
            "j2LDI",
            "module",
            7
        ],
        "dcache_0000": [
            "dcache_0000",
            "Nmdq6",
            "module",
            8
        ],
        "mem": [
            "mem",
            "FSbWZ",
            "module",
            3
        ],
        "brcond": [
            "brcond",
            "VqGv5",
            "module",
            11
        ],
        "DMEM_0000": [
            "DMEM_0000",
            "BaCRA",
            "module",
            9
        ],
        "testbench": [
            "testbench",
            "iAVhC",
            "module",
            4
        ],
        "lq_wand_sel_0000": [
            "lq_wand_sel_0000",
            "RCLGV",
            "module",
            15
        ],
        "arbiter_rr_0000": [
            "arbiter_rr_0000",
            "Tjq5i",
            "module",
            5
        ],
        "ar_wand_sel_0000": [
            "ar_wand_sel_0000",
            "sYgZs",
            "module",
            6
        ],
        "alu": [
            "alu",
            "C26kq",
            "module",
            10
        ],
        "ex_stage_0000": [
            "ex_stage_0000",
            "tmdK7",
            "module",
            12
        ],
        "decoder": [
            "decoder",
            "zf0bY",
            "module",
            13
        ],
        "RS_0000": [
            "RS_0000",
            "vG3v3",
            "module",
            20
        ],
        "mult_stage": [
            "mult_stage",
            "aUVMg",
            "module",
            16
        ],
        "rob": [
            "rob",
            "vtxDx",
            "module",
            18
        ],
        "processor_0000": [
            "processor_0000",
            "UzNI6",
            "module",
            17
        ],
        "RS_Line_0000": [
            "RS_Line_0000",
            "Z4jCT",
            "module",
            19
        ],