{
    "cycles_program_begin": 17016835515573350,
    "cpu_cycles_pass2_start": 17016842658690966,
    "perf": [
        [
            0.31972789764404297,
            0.051237999999999999,
            0.042369999999999998,
            228716,
            229364,
            1586927458.600225,
            17016836138240028,
            "doParsingAndDesignResolution",
            "entry"
        ],
        [
            0.54582381248474121,
            0.232545,
            0.057639000000000003,
            246588,
            247236,
            1586927458.8263209,
            17016836634511826,
            "doParsingAndDesignResolution",
            "exit"
        ],
        [
            0.56178498268127441,
            0.24007899999999999,
            0.059769999999999997,
            246588,
            247236,
            1586927458.8422821,
            17016836669531270,
            "doPostDesignResolutionToVir2Vcs",
            "entry"
        ],
        [
            1.150399923324585,
            0.53093299999999999,
            0.081432000000000004,
            251260,
            251264,
            1586927459.430897,
            17016837961412866,
            "doUptoVir2VcsNoSepCleanup",
            "entry"
        ],
        [
            3.1249628067016602,
            2.1266120000000002,
            0.33647500000000002,
            269720,
            269740,
            1586927461.4054599,
            17016842295265544,
            "doUptoVir2VcsNoSepCleanup",
            "exit"
        ],
        [
            3.1251029968261719,
            2.126744,
            0.33648400000000001,
            269720,
            269740,
            1586927461.4056001,
            17016842295510800,
            "doRadify_vir2vcsAll",
            "entry"
        ],
        [
            3.2242608070373535,
            2.2173430000000001,
            0.342281,
            269720,
            269740,
            1586927461.5047579,
            17016842513206140,
            "doRadify_vir2vcsAll",
            "exit"
        ],
        [
            3.2243669033050537,
            2.2174360000000002,
            0.34229500000000002,
            269720,
            269740,
            1586927461.504864,
            17016842513369466,
            "doPostDesignResolutionToVir2Vcs",
            "exit"
        ],
        [
            3.2244219779968262,
            2.2174839999999998,
            0.34230300000000002,
            269720,
            269740,
            1586927461.5049191,
            17016842513485078,
            "doGAToPass2",
            "entry"
        ],
        [
            3.2905299663543701,
            2.2252679999999998,
            0.34910000000000002,
            266604,
            269740,
            1586927461.571027,
            17016842658662016,
            "DoPass2",
            "entry"
        ],
        [
            6.726172924041748,
            5.4884810000000002,
            0.49031000000000002,
            283620,
            283648,
            1586927465.00667,
            17016850199305844,
            "DoPass2",
            "exit"
        ]
    ],
    "MlibObjs": {},
    "PrevCompiledModules": {
        "rob": {
            "vtxDx_d": {
                "bytes": 71732,
                "mod": "rob",
                "out": "vtxDx_d.o",
                "mode": 4,
                "archive": "archive.3/_2507_archive_1.a",
                "checksum": 0
            }
        },
        "mult_stage": {
            "aUVMg_d": {
                "bytes": 17678,
                "mod": "mult_stage",
                "mode": 4,
                "archive": "archive.3/_2507_archive_1.a",
                "checksum": 0,
                "out": "aUVMg_d.o"
            }
        },
        "rs_psel_gen_0000": {
            "xjVMK_d": {
                "bytes": 40360,
                "mod": "rs_psel_gen_0000",
                "mode": 4,
                "archive": "archive.3/_2507_archive_1.a",
                "checksum": 0,
                "out": "xjVMK_d.o"
            }
        },
        "arbiter_rr_0000": {
            "Tjq5i_d": {
                "bytes": 38484,
                "mod": "arbiter_rr_0000",
                "mode": 4,
                "archive": "archive.3/_2507_archive_1.a",
                "checksum": 0,
                "out": "Tjq5i_d.o"
            }
        },
        "mem": {
            "FSbWZ_d": {
                "bytes": 42842,
                "mod": "mem",
                "mode": 4,
                "archive": "archive.3/_2507_archive_1.a",
                "checksum": 0,
                "out": "FSbWZ_d.o"
            }
        },
        "std": {
            "reYIK_d": {
                "bytes": 33972,
                "mod": "std",
                "mode": 4,
                "archive": "archive.3/_2507_archive_1.a",
                "checksum": 0,
                "out": "reYIK_d.o"
            }
        },
        "wand_sel_0000": {
            "hckDL_d": {
                "bytes": 242020,
                "mod": "wand_sel_0000",
                "mode": 4,
                "archive": "archive.3/_2507_archive_1.a",
                "checksum": 0,
                "out": "hckDL_d.o"
            }
        },
        "store_queue_0000": {
            "fNfNe_d": {
                "bytes": 915020,
                "mod": "store_queue_0000",
                "mode": 4,
                "archive": "archive.3/_2507_archive_1.a",
                "checksum": 0,
                "out": "fNfNe_d.o"
            }
        },
        "lq_ps_in_0000": {
            "gqQ8q_d": {
                "bytes": 357400,
                "mod": "lq_ps_in_0000",
                "mode": 4,
                "archive": "archive.3/_2507_archive_1.a",
                "checksum": 0,
                "out": "gqQ8q_d.o"
            }
        },
        "freelist_psel_gen_0000": {
            "L652r_d": {
                "bytes": 99778,
                "mod": "freelist_psel_gen_0000",
                "mode": 4,
                "archive": "archive.3/_2507_archive_1.a",
                "checksum": 0,
                "out": "L652r_d.o"
            }
        },
        "brcond": {
            "VqGv5_d": {
                "bytes": 10732,
                "mod": "brcond",
                "mode": 4,
                "archive": "archive.3/_2507_archive_1.a",
                "checksum": 0,
                "out": "VqGv5_d.o"
            }
        },
        "alu": {
            "C26kq_d": {
                "bytes": 44986,
                "mod": "alu",
                "mode": 4,
                "archive": "archive.3/_2507_archive_1.a",
                "checksum": 0,
                "out": "C26kq_d.o"
            }
        },
        "testbench": {
            "iAVhC_d": {
                "bytes": 72868,
                "mod": "testbench",
                "mode": 4,
                "archive": "archive.3/_2507_archive_1.a",
                "checksum": 0,
                "out": "iAVhC_d.o"
            }
        },
        "RS_Line_0000": {
            "Z4jCT_d": {
                "bytes": 29480,
                "mod": "RS_Line_0000",
                "mode": 4,
                "archive": "archive.3/_2507_archive_1.a",
                "checksum": 0,
                "out": "Z4jCT_d.o"
            }
        },
        "lq_wand_sel_0000": {
            "RCLGV_d": {
                "bytes": 61820,
                "mod": "lq_wand_sel_0000",
                "mode": 4,
                "archive": "archive.3/_2507_archive_1.a",
                "checksum": 0,
                "out": "RCLGV_d.o"
            }
        },
        "wand_sel_0001": {
            "ci1CE_d": {
                "bytes": 61816,
                "mod": "wand_sel_0001",
                "mode": 4,
                "archive": "archive.3/_2507_archive_1.a",
                "checksum": 0,
                "out": "ci1CE_d.o"
            }
        },