{
    "cycles_program_begin": 16998117807340606,
    "perf": [
        [
            0.1678471565246582,
            0.067223000000000005,
            0.041758999999999998,
            228716,
            229364,
            1586918949.8981221,
            16998118120385978,
            "doParsingAndDesignResolution",
            "entry"
        ],
        [
            0.52736711502075195,
            0.24871599999999999,
            0.066716999999999999,
            246588,
            247236,
            1586918950.257642,
            16998118909463188,
            "doParsingAndDesignResolution",
            "exit"
        ],
        [
            0.58529806137084961,
            0.25633499999999998,
            0.068820999999999993,
            246588,
            247236,
            1586918950.315573,
            16998119036585508,
            "doPostDesignResolutionToVir2Vcs",
            "entry"
        ],
        [
            1.0126540660858154,
            0.53848799999999997,
            0.089080000000000006,
            251256,
            251260,
            1586918950.742929,
            16998119974538638,
            "doUptoVir2VcsNoSepCleanup",
            "entry"
        ],
        [
            3.3853321075439453,
            2.1360990000000002,
            0.38368200000000002,
            269720,
            269740,
            1586918953.115607,
            16998125182207096,
            "doUptoVir2VcsNoSepCleanup",
            "exit"
        ],
        [
            3.3855431079864502,
            2.1362800000000002,
            0.38371499999999997,
            269720,
            269740,
            1586918953.115818,
            16998125182593730,
            "doRadify_vir2vcsAll",
            "entry"
        ],
        [
            3.5163960456848145,
            2.2309969999999999,
            0.38955499999999998,
            269720,
            269740,
            1586918953.246671,
            16998125469871762,
            "doRadify_vir2vcsAll",
            "exit"
        ],
        [
            3.5164980888366699,
            2.231093,
            0.389571,
            269720,
            269740,
            1586918953.246773,
            16998125470001480,
            "doPostDesignResolutionToVir2Vcs",
            "exit"
        ],
        [
            3.5165519714355469,
            2.2311390000000002,
            0.38957900000000001,
            269720,
            269740,
            1586918953.2468269,
            16998125470114926,
            "doGAToPass2",
            "entry"
        ],
        [
            3.5975921154022217,
            2.2403360000000001,
            0.396229,
            266604,
            269740,
            1586918953.327867,
            16998125648042636,
            "DoPass2",
            "entry"
        ],
        [
            6.322465181350708,
            4.2706049999999998,
            0.49042799999999998,
            280672,
            280700,
            1586918956.0527401,
            16998131628664974,
            "DoPass2",
            "exit"
        ]
    ],
    "incremental": "on",
    "SIMBData": {
        "out": "amcQwB.o",
        "archive": "archive.2/_20140_archive_1.a",
        "bytes": 133240,
        "text": 0
    },
    "stat": {
        "Frontend(%)": 52.570505886740953,
        "ru_self_cgstart": {
            "ru_utime_sec": 2.2404660000000001,
            "ru_minflt": 34297,
            "ru_stime_sec": 0.39625199999999999,
            "ru_maxrss_kb": 103668,
            "ru_majflt": 0,
            "ru_nvcsw": 1647,
            "ru_nivcsw": 116
        },
        "ru_childs_end": {
            "ru_utime_sec": 0.019102999999999998,
            "ru_minflt": 6949,
            "ru_stime_sec": 0.029448999999999999,
            "ru_maxrss_kb": 49416,
            "ru_majflt": 0,
            "ru_nvcsw": 20,
            "ru_nivcsw": 10
        },
        "ru_childs_cgstart": {
            "ru_utime_sec": 0.016093,
            "ru_minflt": 6352,
            "ru_stime_sec": 0.026439000000000001,
            "ru_maxrss_kb": 49012,
            "ru_majflt": 0,
            "ru_nvcsw": 18,
            "ru_nivcsw": 8
        },
        "mopSpeed": 378794.1749136984,
        "mop/quad": 2.8139746181409504,
        "totalObjSize": 2971878,
        "cpu_cycles_cgstart": 16998125648240412,
        "nMops": 771181,
        "realTime": 6.5603539943695068,
        "nQuads": 274054,
        "ru_self_end": {
            "ru_utime_sec": 4.2733400000000001,
            "ru_minflt": 47187,
            "ru_stime_sec": 0.596835,
            "ru_maxrss_kb": 122388,
            "ru_majflt": 0,
            "ru_nvcsw": 2372,
            "ru_nivcsw": 222
        },
        "cpu_cycles_end": 16998132150440858,
        "cpu_cycles_total": 14343100252,
        "quadSpeed": 134611.79517104116,
        "outputSizePerQuad": 10.844132908113,
        "peak_mem_kb": 280700,
        "CodeGen(%)": 47.429494113259047
    },
    "NameTable": {
        "decoder": [
            "decoder",
            "zf0bY",
            "module",
            13
        ],
        "store_queue_0000": [
            "store_queue_0000",
            "fNfNe",
            "module",
            21
        ],
        "std": [
            "std",
            "reYIK",
            "module",
            2
        ],
        "...MASTER...": [
            "SIM",
            "amcQw",
            "module",
            26
        ],
        "_vcs_unit__4293599388": [
            "_vcs_unit__4293599388",
            "PGa5H",
            "module",
            1
        ],
        "mem": [
            "mem",
            "FSbWZ",
            "module",
            3
        ],
        "mult_stage": [
            "mult_stage",
            "aUVMg",
            "module",
            16
        ],
        "testbench": [
            "testbench",
            "iAVhC",
            "module",
            4
        ],
        "alu": [
            "alu",
            "C26kq",
            "module",
            10
        ],
        "dcache_0000": [
            "dcache_0000",
            "Nmdq6",
            "module",
            8
        ],
        "arbiter_rr_0000": [
            "arbiter_rr_0000",
            "Tjq5i",
            "module",
            5
        ],
        "wand_sel_0000": [
            "wand_sel_0000",
            "hckDL",
            "module",
            24
        ],
        "ar_wand_sel_0000": [
            "ar_wand_sel_0000",
            "sYgZs",
            "module",
            6
        ],
        "dcache_ctrl_0000": [
            "dcache_ctrl_0000",
            "j2LDI",
            "module",
            7
        ],
        "DMEM_0000": [
            "DMEM_0000",
            "BaCRA",
            "module",
            9
        ],
        "lq_wand_sel_0000": [
            "lq_wand_sel_0000",
            "RCLGV",
            "module",
            15
        ],
        "brcond": [
            "brcond",
            "VqGv5",
            "module",
            11
        ],
        "freelist_psel_gen_0000": [
            "freelist_psel_gen_0000",
            "L652r",
            "module",
            22
        ],
        "ex_stage_0000": [
            "ex_stage_0000",
            "tmdK7",
            "module",
            12
        ],
        "lq_ps_in_0000": [
            "lq_ps_in_0000",
            "gqQ8q",
            "module",
            14
        ],
        "processor_0000": [
            "processor_0000",
            "UzNI6",
            "module",
            17
        ],
        "rob": [
            "rob",
            "vtxDx",
            "module",
            18
        ],
        "RS_0000": [
            "RS_0000",
            "vG3v3",
            "module",
            20
        ],
        "RS_Line_0000": [
            "RS_Line_0000",
            "Z4jCT",
            "module",
            19
        ],