{
    "cycles_program_begin": 5359915430908804,
    "CurCompileUdps": {},
    "MlibObjs": {},
    "perf": [
        [
            0.21981000900268555,
            0.072410000000000002,
            0.044249999999999998,
            228664,
            229316,
            1586810934.49774,
            5359915735712672,
            "doParsingAndDesignResolution",
            "entry"
        ],
        [
            0.67259907722473145,
            0.26935300000000001,
            0.064084000000000002,
            246336,
            246984,
            1586810934.9505291,
            5359916729473050,
            "doParsingAndDesignResolution",
            "exit"
        ],
        [
            0.6882319450378418,
            0.27759600000000001,
            0.065140000000000003,
            246336,
            246984,
            1586810934.966162,
            5359916763785284,
            "doPostDesignResolutionToVir2Vcs",
            "entry"
        ],
        [
            1.2824559211730957,
            0.57558900000000002,
            0.077050999999999994,
            251004,
            251008,
            1586810935.5603859,
            5359918068038920,
            "doUptoVir2VcsNoSepCleanup",
            "entry"
        ],
        [
            4.57682204246521,
            2.2413280000000002,
            0.34945399999999999,
            268444,
            268464,
            1586810938.8547521,
            5359925298611062,
            "doUptoVir2VcsNoSepCleanup",
            "exit"
        ],
        [
            4.5769948959350586,
            2.2414779999999999,
            0.34947699999999998,
            268444,
            268464,
            1586810938.8549249,
            5359925298904902,
            "doRadify_vir2vcsAll",
            "entry"
        ],
        [
            4.9000558853149414,
            2.3469180000000001,
            0.35720499999999999,
            268444,
            268464,
            1586810939.1779859,
            5359926008113376,
            "doRadify_vir2vcsAll",
            "exit"
        ],
        [
            4.900177001953125,
            2.3470249999999999,
            0.35722100000000001,
            268444,
            268464,
            1586810939.178107,
            5359926008239386,
            "doPostDesignResolutionToVir2Vcs",
            "exit"
        ],
        [
            4.9002358913421631,
            2.3470759999999999,
            0.35722900000000002,
            268444,
            268464,
            1586810939.1781659,
            5359926008364714,
            "doGAToPass2",
            "entry"
        ],
        [
            5.0250449180603027,
            2.3559450000000002,
            0.36222100000000002,
            265328,
            268464,
            1586810939.3029749,
            5359926282400240,
            "DoPass2",
            "entry"
        ],
        [
            6.6142210960388184,
            3.5420790000000002,
            0.42055199999999998,
            275056,
            275084,
            1586810940.8921511,
            5359929770339268,
            "DoPass2",
            "exit"
        ]
    ],
    "SIMBData": {
        "archive": "archive.2/_11698_archive_1.a",
        "text": 0,
        "out": "amcQwB.o",
        "bytes": 133618
    },
    "CompileProcesses": [
        "cgproc.11698.json"
    ],
    "cpu_cycles_pass2_start": 5359926282440224,
    "PrevCompiledModules": {
        "rob": {
            "vtxDx_d": {
                "bytes": 70206,
                "mod": "rob",
                "out": "vtxDx_d.o",
                "archive": "archive.2/_prev_archive_1.a",
                "checksum": 0,
                "mode": 4
            }
        },
        "lq_ps_in_0000": {
            "gqQ8q_d": {
                "bytes": 319816,
                "mod": "lq_ps_in_0000",
                "out": "gqQ8q_d.o",
                "archive": "archive.2/_prev_archive_1.a",
                "checksum": 0,
                "mode": 4
            }
        },
        "mem": {
            "FSbWZ_d": {
                "bytes": 42842,
                "mod": "mem",
                "out": "FSbWZ_d.o",
                "archive": "archive.2/_prev_archive_1.a",
                "checksum": 0,
                "mode": 4
            }
        },
        "DMEM_0000": {
            "BaCRA_d": {
                "bytes": 2136454,
                "mod": "DMEM_0000",
                "out": "BaCRA_d.o",
                "archive": "archive.2/_prev_archive_1.a",
                "checksum": 0,
                "mode": 4
            }
        },
        "...MASTER...": {
            "amcQw_d": {
                "bytes": 8022,
                "mod": "...MASTER...",
                "out": "objs/amcQw_d.o",
                "checksum": 0,
                "mode": 4
            }
        },
        "alu": {
            "C26kq_d": {
                "bytes": 44986,
                "mod": "alu",
                "out": "C26kq_d.o",
                "archive": "archive.2/_prev_archive_1.a",
                "checksum": 0,
                "mode": 4
            }
        },
        "mult_stage": {
            "aUVMg_d": {
                "bytes": 17678,
                "mod": "mult_stage",
                "out": "aUVMg_d.o",
                "archive": "archive.2/_prev_archive_1.a",
                "checksum": 0,
                "mode": 4
            }
        },
        "rs_psel_gen_0000": {
            "xjVMK_d": {
                "bytes": 40360,
                "mod": "rs_psel_gen_0000",
                "out": "xjVMK_d.o",
                "archive": "archive.2/_prev_archive_1.a",
                "checksum": 0,
                "mode": 4
            }
        },
        "testbench": {
            "iAVhC_d": {
                "bytes": 74330,
                "mod": "testbench",
                "archive": "archive.2/_11698_archive_1.a",
                "checksum": 0,
                "mode": 4,
                "out": "iAVhC_d.o"
            }
        },
        "ar_wand_sel_0000": {
            "sYgZs_d": {
                "bytes": 61828,
                "mod": "ar_wand_sel_0000",
                "out": "sYgZs_d.o",
                "archive": "archive.2/_prev_archive_1.a",
                "checksum": 0,
                "mode": 4
            }
        },
        "RS_0000": {
            "vG3v3_d": {
                "bytes": 84638,
                "mod": "RS_0000",
                "out": "vG3v3_d.o",
                "archive": "archive.2/_prev_archive_1.a",
                "checksum": 0,
                "mode": 4
            }
        },
        "store_queue_0000": {
            "fNfNe_d": {
                "bytes": 904766,
                "mod": "store_queue_0000",
                "out": "fNfNe_d.o",
                "archive": "archive.2/_prev_archive_1.a",
                "checksum": 0,
                "mode": 4
            }
        },
        "dcache_0000": {
            "Nmdq6_d": {
                "bytes": 72142,
                "mod": "dcache_0000",
                "out": "Nmdq6_d.o",
                "archive": "archive.2/_prev_archive_1.a",
                "checksum": 0,
                "mode": 4
            }
        },
        "std": {
            "reYIK_d": {
                "bytes": 33972,
                "mod": "std",
                "out": "reYIK_d.o",
                "archive": "archive.2/_prev_archive_1.a",
                "checksum": 0,
                "mode": 4
            }
        },
        "wand_sel_0000": {
            "hckDL_d": {
                "bytes": 242020,
                "mod": "wand_sel_0000",
                "out": "hckDL_d.o",
                "archive": "archive.2/_prev_archive_1.a",
                "checksum": 0,
                "mode": 4
            }
        },
        "ex_stage_0000": {
            "tmdK7_d": {
                "bytes": 38170,
                "mod": "ex_stage_0000",
                "out": "tmdK7_d.o",