{
    "cycles_program_begin": 15811674418982418,
    "cpu_cycles_pass2_start": 15811676120320380,
    "perf": [
        [
            0.15955901145935059,
            0.055345999999999999,
            0.040251000000000002,
            228656,
            229304,
            1585770165.3521769,
            15811674735169968,
            "doParsingAndDesignResolution",
            "entry"
        ],
        [
            0.24754810333251953,
            0.122087,
            0.060042999999999999,
            234376,
            235024,
            1585770165.440166,
            15811674946062126,
            "doParsingAndDesignResolution",
            "exit"
        ],
        [
            0.25719809532165527,
            0.12686900000000001,
            0.061420000000000002,
            234376,
            235024,
            1585770165.449816,
            15811674969264406,
            "doPostDesignResolutionToVir2Vcs",
            "entry"
        ],
        [
            0.34432721138000488,
            0.193355,
            0.073134000000000005,
            238988,
            238992,
            1585770165.5369451,
            15811675178058354,
            "doUptoVir2VcsNoSepCleanup",
            "entry"
        ],
        [
            0.65460109710693359,
            0.399864,
            0.117726,
            249224,
            249244,
            1585770165.847219,
            15811675921932642,
            "doUptoVir2VcsNoSepCleanup",
            "exit"
        ],
        [
            0.6547391414642334,
            0.399864,
            0.117865,
            249224,
            249244,
            1585770165.847357,
            15811675922177781,
            "doRadify_vir2vcsAll",
            "entry"
        ],
        [
            0.6790471076965332,
            0.41934399999999999,
            0.120245,
            249224,
            249244,
            1585770165.871665,
            15811675980456984,
            "doRadify_vir2vcsAll",
            "exit"
        ],
        [
            0.67911005020141602,
            0.41939500000000002,
            0.12026000000000001,
            249224,
            249244,
            1585770165.8717279,
            15811675980601854,
            "doPostDesignResolutionToVir2Vcs",
            "exit"
        ],
        [
            0.6791691780090332,
            0.41944100000000001,
            0.120273,
            249224,
            249244,
            1585770165.8717871,
            15811675980700854,
            "doGAToPass2",
            "entry"
        ],
        [
            0.73737621307373047,
            0.42367899999999997,
            0.123362,
            247408,
            249244,
            1585770165.9299941,
            15811676120300202,
            "DoPass2",
            "entry"
        ],
        [
            1.018543004989624,
            0.63837100000000002,
            0.15654299999999999,
            249388,
            249416,
            1585770166.2111609,
            15811676794291930,
            "DoPass2",
            "exit"
        ]
    ],
    "incremental": "on",
    "stat": {
        "ru_self_cgstart": {
            "ru_utime_sec": 0.42375600000000002,
            "ru_stime_sec": 0.12338399999999999,
            "ru_maxrss_kb": 78664,
            "ru_minflt": 28509,
            "ru_majflt": 0,
            "ru_nivcsw": 38,
            "ru_nvcsw": 236
        },
        "cpu_cycles_total": 2430293492,
        "ru_self_end": {
            "ru_utime_sec": 0.64249999999999996,
            "ru_stime_sec": 0.163934,
            "ru_maxrss_kb": 89916,
            "ru_minflt": 34185,
            "ru_majflt": 0,
            "ru_nivcsw": 45,
            "ru_nvcsw": 322
        },
        "ru_childs_cgstart": {
            "ru_utime_sec": 0.014773,
            "ru_stime_sec": 0.025888999999999999,
            "ru_maxrss_kb": 26484,
            "ru_minflt": 6367,
            "ru_majflt": 0,
            "ru_nivcsw": 7,
            "ru_nvcsw": 17
        },
        "peak_mem_kb": 249416,
        "cpu_cycles_cgstart": 15811676120395266,
        "totalObjSize": 179192,
        "nMops": 105985,
        "cpu_cycles_end": 15811676849275910,
        "nQuads": 31215,
        "quadSpeed": 142065.23668437082,
        "ru_childs_end": {
            "ru_utime_sec": 0.015751999999999999,
            "ru_stime_sec": 0.028825,
            "ru_maxrss_kb": 26916,
            "ru_minflt": 6963,
            "ru_majflt": 0,
            "ru_nivcsw": 9,
            "ru_nvcsw": 19
        },
        "mopSpeed": 482357.33173131634,
        "mop/quad": 3.395322761492872,
        "outputSizePerQuad": 5.7405734422553261,
        "Frontend(%)": 66.620230550002134,
        "CodeGen(%)": 33.379769449997866,
        "realTime": 1.041694164276123
    },
    "LVLData": [
        "SIM"
    ],
    "MlibObjs": {},
    "NameTable": {
        "...MASTER...": [
            "SIM",
            "amcQw",
            "module",
            17
        ],
        "rs_psel_gen_0000": [
            "rs_psel_gen_0000",
            "xjVMK",
            "module",
            14
        ],
        "_vcs_unit__1327612396": [
            "_vcs_unit__1327612396",
            "jqQHP",
            "module",
            1
        ],
        "alu": [
            "alu",
            "C26kq",
            "module",
            5
        ],
        "std": [
            "std",
            "reYIK",
            "module",
            2
        ],
        "mem": [
            "mem",
            "FSbWZ",
            "module",
            3
        ],
        "wand_sel_0001": [
            "wand_sel_0001",
            "ci1CE",
            "module",
            16
        ],
        "processor_0000": [
            "processor_0000",
            "UzNI6",
            "module",
            10
        ],
        "testbench": [
            "testbench",
            "iAVhC",
            "module",
            4
        ],
        "brcond": [
            "brcond",
            "VqGv5",
            "module",
            6
        ],
        "mult_stage": [
            "mult_stage",
            "aUVMg",
            "module",
            9
        ],
        "decoder": [
            "decoder",
            "zf0bY",
            "module",
            8
        ],
        "ex_stage_0000": [
            "ex_stage_0000",
            "tmdK7",
            "module",
            7
        ],
        "wand_sel_0000": [
            "wand_sel_0000",
            "hckDL",
            "module",
            15
        ],
        "rob": [
            "rob",
            "vtxDx",
            "module",
            11
        ],
        "RS_Line_0000": [
            "RS_Line_0000",
            "Z4jCT",
            "module",
            12
        ],
        "RS_0000": [
            "RS_0000",
            "vG3v3",
            "module",
            13
        ]
    },
    "CompileProcesses": [
        "cgproc.8299.json"
    ],
    "PrevCompiledModules": {
        "rob": {
            "vtxDx_d": {
                "mode": 4,
                "bytes": 58644,
                "archive": "archive.17/_prev_archive_1.a",
                "checksum": 0,
                "mod": "rob",
                "out": "vtxDx_d.o"
            }
        },
        "wand_sel_0000": {
            "hckDL_d": {
                "mode": 4,
                "bytes": 241864,
                "archive": "archive.17/_prev_archive_1.a",
                "checksum": 0,
                "mod": "wand_sel_0000",
                "out": "hckDL_d.o"
            }
        },
        "mem": {
            "FSbWZ_d": {
                "mode": 4,
                "bytes": 21144,
                "archive": "archive.17/_prev_archive_1.a",
                "checksum": 0,
                "mod": "mem",
                "out": "FSbWZ_d.o"
            }
        },
        "wand_sel_0001": {
            "ci1CE_d": {
                "mode": 4,
                "bytes": 61660,
                "archive": "archive.17/_prev_archive_1.a",