{
    "cycles_program_begin": 13564575094446283,
    "CompileStrategy": "fullobj",
    "perf": [
        [
            0.16155195236206055,
            0.054280000000000002,
            0.037192000000000003,
            228528,
            229144,
            1584832781.7321279,
            13564575427238229,
            "doParsingAndDesignResolution",
            "entry"
        ],
        [
            0.18195915222167969,
            0.070211999999999997,
            0.041124000000000001,
            229656,
            230304,
            1584832781.7525351,
            13564575476070185,
            "doParsingAndDesignResolution",
            "exit"
        ],
        [
            0.18206214904785156,
            0.070277999999999993,
            0.041162999999999998,
            229656,
            230304,
            1584832781.7526381,
            13564575476290587,
            "doPostDesignResolutionToVir2Vcs",
            "entry"
        ],
        [
            0.1989891529083252,
            0.077581999999999998,
            0.045158999999999998,
            235044,
            235048,
            1584832781.7695651,
            13564575516920283,
            "doUptoVir2VcsNoSepCleanup",
            "entry"
        ],
        [
            0.24715113639831543,
            0.100593,
            0.060754000000000002,
            231184,
            243716,
            1584832781.8177271,
            13564575632404464,
            "doUptoVir2VcsNoSepCleanup",
            "exit"
        ],
        [
            0.24730801582336426,
            0.100691,
            0.060812999999999999,
            231184,
            243716,
            1584832781.817884,
            13564575632716293,
            "doRadify_vir2vcsAll",
            "entry"
        ],
        [
            0.25614213943481445,
            0.10576000000000001,
            0.062856999999999996,
            233368,
            243716,
            1584832781.8267181,
            13564575653955606,
            "doRadify_vir2vcsAll",
            "exit"
        ],
        [
            0.25622797012329102,
            0.10581500000000001,
            0.062890000000000001,
            233368,
            243716,
            1584832781.8268039,
            13564575654121311,
            "doPostDesignResolutionToVir2Vcs",
            "exit"
        ],
        [
            0.25628900527954102,
            0.105854,
            0.062912999999999997,
            233368,
            243716,
            1584832781.826865,
            13564575654221874,
            "doGAToPass2",
            "entry"
        ],
        [
            0.30505108833312988,
            0.10695200000000001,
            0.068969000000000003,
            231812,
            243716,
            1584832781.875627,
            13564575771172815,
            "DoPass2",
            "entry"
        ],
        [
            0.38755512237548828,
            0.15620200000000001,
            0.087111999999999995,
            242828,
            243716,
            1584832781.9581311,
            13564575968985222,
            "DoPass2",
            "exit"
        ]
    ],
    "SIMBData": {
        "out": "amcQwB.o",
        "bytes": 66996,
        "archive": "archive.17/_11417_archive_1.a",
        "text": 0
    },
    "CurCompileModules": [
        "...MASTER...",
        "_vcs_unit__4215038817",
        "_vcs_unit__4215038817",
        "std",
        "testbench",
        "testbench"
    ],
    "MlibObjs": {},
    "PrevCompiledModules": {
        "testbench": {
            "iAVhC_d": {
                "bytes": 62566,
                "out": "iAVhC_d.o",
                "mod": "testbench",
                "checksum": 0,
                "mode": 4,
                "archive": "archive.17/_11417_archive_1.a"
            }
        },
        "std": {
            "reYIK_d": {
                "bytes": 32908,
                "out": "reYIK_d.o",
                "mod": "std",
                "checksum": 0,
                "mode": 4,
                "archive": "archive.17/_prev_archive_1.a"
            }
        },
        "...MASTER...": {
            "amcQw_d": {
                "bytes": 7866,
                "out": "objs/amcQw_d.o",
                "mod": "...MASTER...",
                "checksum": 0,
                "mode": 4
            }
        },
        "_vcs_unit__4215038817": {
            "WST2U_d": {
                "bytes": 22752,
                "out": "WST2U_d.o",
                "mod": "_vcs_unit__4215038817",
                "checksum": 0,
                "mode": 4,
                "archive": "archive.17/_11417_archive_1.a"
            }
        }
    },
    "NameTable": {
        "_vcs_unit__4215038817": [
            "_vcs_unit__4215038817",
            "WST2U",
            "module",
            5
        ],
        "testbench": [
            "testbench",
            "iAVhC",
            "module",
            3
        ],
        "std": [
            "std",
            "reYIK",
            "module",
            2
        ],
        "...MASTER...": [
            "SIM",
            "amcQw",
            "module",
            4
        ]
    },
    "incremental": "on",
    "cpu_cycles_pass2_start": 13564575771191946,
    "CompileProcesses": [
        "cgproc.11417.json"
    ],
    "rlimit": {
        "data": -1,
        "stack": -1
    },
    "stat": {
        "totalObjSize": 152314,
        "peak_mem_kb": 243716,
        "CodeGen(%)": 30.462621787191711,
        "ru_self_cgstart": {
            "ru_utime_sec": 0.10702100000000001,
            "ru_nvcsw": 142,
            "ru_stime_sec": 0.069013000000000005,
            "ru_maxrss_kb": 68412,
            "ru_minflt": 26646,
            "ru_nivcsw": 7,
            "ru_majflt": 0
        },
        "quadSpeed": 65617.869135298606,
        "ru_childs_cgstart": {
            "ru_utime_sec": 0.016024,
            "ru_nvcsw": 17,
            "ru_stime_sec": 0.019016999999999999,
            "ru_maxrss_kb": 17416,
            "ru_minflt": 6340,
            "ru_nivcsw": 6,
            "ru_majflt": 0
        },
        "cpu_cycles_end": 13564576004084745,
        "Frontend(%)": 69.537378212808292,
        "nQuads": 3537,
        "cpu_cycles_cgstart": 13564575771305904,
        "ru_childs_end": {
            "ru_utime_sec": 0.018394000000000001,
            "ru_nvcsw": 19,
            "ru_stime_sec": 0.020202999999999999,
            "ru_maxrss_kb": 17872,
            "ru_minflt": 6938,
            "ru_nivcsw": 9,
            "ru_majflt": 0
        },
        "mopSpeed": 214941.65445336996,
        "nMops": 11586,
        "ru_self_end": {
            "ru_utime_sec": 0.158554,
            "ru_nvcsw": 221,
            "ru_stime_sec": 0.094121999999999997,
            "ru_maxrss_kb": 76680,
            "ru_minflt": 30406,
            "ru_nivcsw": 11,
            "ru_majflt": 0
        },
        "cpu_cycles_total": 909638462,
        "mop/quad": 3.2756573367260389,
        "outputSizePerQuad": 43.063047780605032,
        "realTime": 0.40233898162841797
    },
    "CurCompileUdps": {},
    "LVLData": [
        "SIM"
    ],
    "PEModules": [],
    "Misc": {
        "daidir_abs": "/afs/umich.edu/user/s/u/sunsusan/Desktop/group7w20/simv.daidir",
        "vcs_version": "N-2017.12-SP2-1_Full64",
        "cwd": "/afs/umich.edu/user/s/u/sunsusan/Desktop/group7w20",
        "vcs_build_date": "Build Date = Jul 14 2018 20:29:59",
        "daidir": "/afs/umich.edu/user/s/u/sunsusan/Desktop/group7w20/simv.daidir",
        "master_pid": 11417,
        "csrc_abs": "/afs/umich.edu/user/s/u/sunsusan/Desktop/group7w20/csrc",
        "VCS_HOME": "/usr/caen/vcs-2017.12-SP2-1",
        "default_output_dir": "csrc",
        "csrc": "csrc",
        "archive_dir": "archive.17"
    },
    "CompileStatus": "Successful"
}