{
    "cpu_cycles_pass2_start": 14470102085122698,
    "perf": [
        [
            0.17766809463500977,
            0.059145000000000003,
            0.045656000000000002,
            228660,
            229308,
            1585767143.388061,
            14470100684024714,
            "doParsingAndDesignResolution",
            "entry"
        ],
        [
            0.27064394950866699,
            0.13498299999999999,
            0.061735999999999999,
            234380,
            235028,
            1585767143.4810369,
            14470100888107330,
            "doParsingAndDesignResolution",
            "exit"
        ],
        [
            0.28471493721008301,
            0.139929,
            0.063699000000000006,
            234380,
            235028,
            1585767143.4951079,
            14470100919011662,
            "doPostDesignResolutionToVir2Vcs",
            "entry"
        ],
        [
            0.38683795928955078,
            0.216643,
            0.073595999999999995,
            238992,
            238996,
            1585767143.5972309,
            14470101143106722,
            "doUptoVir2VcsNoSepCleanup",
            "entry"
        ],
        [
            0.72298097610473633,
            0.43021999999999999,
            0.113972,
            249228,
            249248,
            1585767143.9333739,
            14470101880893346,
            "doUptoVir2VcsNoSepCleanup",
            "exit"
        ],
        [
            0.72314906120300293,
            0.43035499999999999,
            0.114008,
            249228,
            249248,
            1585767143.933542,
            14470101881186096,
            "doRadify_vir2vcsAll",
            "entry"
        ],
        [
            0.75569915771484375,
            0.45121099999999997,
            0.117438,
            249228,
            249248,
            1585767143.9660921,
            14470101952690360,
            "doRadify_vir2vcsAll",
            "exit"
        ],
        [
            0.75578594207763672,
            0.45128099999999999,
            0.117456,
            249228,
            249248,
            1585767143.9661789,
            14470101952812944,
            "doPostDesignResolutionToVir2Vcs",
            "exit"
        ],
        [
            0.75583910942077637,
            0.451324,
            0.117467,
            249228,
            249248,
            1585767143.9662321,
            14470101952953206,
            "doGAToPass2",
            "entry"
        ],
        [
            0.81601595878601074,
            0.45135399999999998,
            0.12617400000000001,
            247412,
            249248,
            1585767144.0264089,
            14470102085094608,
            "DoPass2",
            "entry"
        ],
        [
            1.2194521427154541,
            0.78775399999999995,
            0.16287699999999999,
            249776,
            249804,
            1585767144.4298451,
            14470102970547672,
            "DoPass2",
            "exit"
        ]
    ],
    "cycles_program_begin": 14470100353426442,
    "CompileProcesses": [
        "cgproc.16380.json"
    ],
    "SIMBData": {
        "archive": "archive.12/_16380_archive_1.a",
        "out": "amcQwB.o",
        "bytes": 118040,
        "text": 0
    },
    "MlibObjs": {},
    "PrevCompiledModules": {
        "rs_psel_gen_0000": {
            "xjVMK_d": {
                "checksum": 0,
                "bytes": 40204,
                "out": "xjVMK_d.o",
                "archive": "archive.12/_prev_archive_1.a",
                "mod": "rs_psel_gen_0000",
                "mode": 4
            }
        },
        "rob": {
            "vtxDx_d": {
                "checksum": 0,
                "bytes": 58644,
                "out": "vtxDx_d.o",
                "archive": "archive.12/_prev_archive_1.a",
                "mod": "rob",
                "mode": 4
            }
        },
        "RS_0000": {
            "vG3v3_d": {
                "checksum": 0,
                "bytes": 84846,
                "out": "vG3v3_d.o",
                "archive": "archive.12/_prev_archive_1.a",
                "mod": "RS_0000",
                "mode": 4
            }
        },
        "alu": {
            "C26kq_d": {
                "checksum": 0,
                "bytes": 42556,
                "out": "C26kq_d.o",
                "archive": "archive.12/_prev_archive_1.a",
                "mod": "alu",
                "mode": 4
            }
        },
        "mem": {
            "FSbWZ_d": {
                "checksum": 0,
                "bytes": 21144,
                "out": "FSbWZ_d.o",
                "archive": "archive.12/_prev_archive_1.a",
                "mod": "mem",
                "mode": 4
            }
        },
        "mult_stage": {
            "aUVMg_d": {
                "checksum": 0,
                "bytes": 17522,
                "out": "aUVMg_d.o",
                "archive": "archive.12/_prev_archive_1.a",
                "mod": "mult_stage",
                "mode": 4
            }
        },
        "std": {
            "reYIK_d": {
                "checksum": 0,
                "bytes": 33820,
                "out": "reYIK_d.o",
                "archive": "archive.12/_prev_archive_1.a",
                "mod": "std",
                "mode": 4
            }
        },
        "wand_sel_0000": {
            "hckDL_d": {
                "checksum": 0,
                "bytes": 241864,
                "out": "hckDL_d.o",
                "archive": "archive.12/_prev_archive_1.a",
                "mod": "wand_sel_0000",
                "mode": 4
            }
        },
        "testbench": {
            "iAVhC_d": {
                "checksum": 0,
                "bytes": 61100,
                "out": "iAVhC_d.o",
                "archive": "archive.12/_prev_archive_1.a",
                "mod": "testbench",
                "mode": 4
            }
        },
        "RS_Line_0000": {
            "Z4jCT_d": {
                "checksum": 0,
                "bytes": 29622,
                "out": "Z4jCT_d.o",
                "archive": "archive.12/_prev_archive_1.a",
                "mod": "RS_Line_0000",
                "mode": 4
            }
        },
        "wand_sel_0001": {
            "ci1CE_d": {
                "checksum": 0,
                "bytes": 61660,
                "out": "ci1CE_d.o",
                "archive": "archive.12/_prev_archive_1.a",
                "mod": "wand_sel_0001",
                "mode": 4
            }
        },
        "_vcs_unit__1327612396": {
            "jqQHP_d": {
                "checksum": 0,
                "bytes": 30158,
                "out": "jqQHP_d.o",
                "archive": "archive.12/_prev_archive_1.a",
                "mod": "_vcs_unit__1327612396",
                "mode": 4
            }
        },
        "ex_stage_0000": {
            "tmdK7_d": {
                "checksum": 0,
                "bytes": 39502,
                "out": "tmdK7_d.o",
                "archive": "archive.12/_prev_archive_1.a",
                "mod": "ex_stage_0000",
                "mode": 4
            }
        },
        "...MASTER...": {
            "amcQw_d": {
                "checksum": 0,
                "bytes": 7866,
                "out": "objs/amcQw_d.o",
                "mod": "...MASTER...",
                "mode": 4
            }
        },
        "processor_0000": {
            "UzNI6_d": {
                "checksum": 0,
                "bytes": 376872,
                "archive": "archive.12/_16380_archive_1.a",
                "out": "UzNI6_d.o",
                "mod": "processor_0000",
                "mode": 4
            }
        },
        "brcond": {
            "VqGv5_d": {
                "checksum": 0,
                "bytes": 10576,
                "out": "VqGv5_d.o",
                "archive": "archive.12/_prev_archive_1.a",
                "mod": "brcond",