{
    "CurCompileUdps": {},
    "CompileProcesses": [
        "cgproc.2509.json"
    ],
    "cycles_program_begin": 5396376318218844,
    "perf": [
        [
            0.33469009399414062,
            0.079867999999999995,
            0.046343000000000002,
            228664,
            229316,
            1586827546.8122711,
            5396376988463308,
            "doParsingAndDesignResolution",
            "entry"
        ],
        [
            0.60685896873474121,
            0.27326699999999998,
            0.082778000000000004,
            246336,
            246984,
            1586827547.08444,
            5396377585849650,
            "doParsingAndDesignResolution",
            "exit"
        ],
        [
            0.6191408634185791,
            0.27813500000000002,
            0.086730000000000002,
            246336,
            246984,
            1586827547.0967219,
            5396377612768168,
            "doPostDesignResolutionToVir2Vcs",
            "entry"
        ],
        [
            0.98959589004516602,
            0.55502399999999996,
            0.099003999999999995,
            251008,
            251012,
            1586827547.4671769,
            5396378425872174,
            "doUptoVir2VcsNoSepCleanup",
            "entry"
        ],
        [
            3.2765228748321533,
            2.1326149999999999,
            0.37646099999999999,
            268400,
            268420,
            1586827549.7541039,
            5396383445317222,
            "doUptoVir2VcsNoSepCleanup",
            "exit"
        ],
        [
            3.2767829895019531,
            2.132838,
            0.3765,
            268400,
            268420,
            1586827549.754364,
            5396383445820614,
            "doRadify_vir2vcsAll",
            "entry"
        ],
        [
            3.3964629173278809,
            2.2207629999999998,
            0.38547900000000002,
            268400,
            268420,
            1586827549.8740439,
            5396383708546552,
            "doRadify_vir2vcsAll",
            "exit"
        ],
        [
            3.3965520858764648,
            2.2208399999999999,
            0.38549299999999997,
            268400,
            268420,
            1586827549.8741331,
            5396383708674300,
            "doPostDesignResolutionToVir2Vcs",
            "exit"
        ],
        [
            3.3966059684753418,
            2.2208869999999998,
            0.38550099999999998,
            268400,
            268420,
            1586827549.874187,
            5396383708770064,
            "doGAToPass2",
            "entry"
        ],
        [
            3.479949951171875,
            2.2282609999999998,
            0.393399,
            265284,
            268420,
            1586827549.957531,
            5396383891737810,
            "DoPass2",
            "entry"
        ],
        [
            5.110727071762085,
            3.5222569999999997,
            0.45764300000000002,
            274212,
            274240,
            1586827551.5883081,
            5396387471021562,
            "DoPass2",
            "exit"
        ]
    ],
    "MlibObjs": {},
    "PrevCompiledModules": {
        "wand_sel_0000": {
            "hckDL_d": {
                "mod": "wand_sel_0000",
                "bytes": 242020,
                "mode": 4,
                "checksum": 0,
                "archive": "archive.12/_prev_archive_1.a",
                "out": "hckDL_d.o"
            }
        },
        "rob": {
            "vtxDx_d": {
                "mod": "rob",
                "bytes": 70308,
                "mode": 4,
                "checksum": 0,
                "archive": "archive.12/_prev_archive_1.a",
                "out": "vtxDx_d.o"
            }
        },
        "testbench": {
            "iAVhC_d": {
                "mod": "testbench",
                "bytes": 73484,
                "out": "iAVhC_d.o",
                "mode": 4,
                "checksum": 0,
                "archive": "archive.12/_prev_archive_1.a"
            }
        },
        "mem": {
            "FSbWZ_d": {
                "mod": "mem",
                "bytes": 42842,
                "mode": 4,
                "checksum": 0,
                "archive": "archive.12/_prev_archive_1.a",
                "out": "FSbWZ_d.o"
            }
        },
        "store_queue_0000": {
            "fNfNe_d": {
                "mod": "store_queue_0000",
                "bytes": 902054,
                "mode": 4,
                "checksum": 0,
                "archive": "archive.12/_prev_archive_1.a",
                "out": "fNfNe_d.o"
            }
        },
        "wand_sel_0001": {
            "ci1CE_d": {
                "mod": "wand_sel_0001",
                "bytes": 61816,
                "mode": 4,
                "checksum": 0,
                "archive": "archive.12/_prev_archive_1.a",
                "out": "ci1CE_d.o"
            }
        },
        "mult_stage": {
            "aUVMg_d": {
                "mod": "mult_stage",
                "bytes": 17678,
                "mode": 4,
                "checksum": 0,
                "archive": "archive.12/_prev_archive_1.a",
                "out": "aUVMg_d.o"
            }
        },
        "ex_stage_0000": {
            "tmdK7_d": {
                "mod": "ex_stage_0000",
                "bytes": 37452,
                "mode": 4,
                "checksum": 0,
                "archive": "archive.12/_prev_archive_1.a",
                "out": "tmdK7_d.o"
            }
        },
        "RS_Line_0000": {
            "Z4jCT_d": {
                "mod": "RS_Line_0000",
                "bytes": 29480,
                "mode": 4,
                "checksum": 0,
                "archive": "archive.12/_prev_archive_1.a",
                "out": "Z4jCT_d.o"
            }
        },
        "rs_psel_gen_0000": {
            "xjVMK_d": {
                "mod": "rs_psel_gen_0000",
                "bytes": 40360,
                "mode": 4,
                "checksum": 0,
                "archive": "archive.12/_prev_archive_1.a",
                "out": "xjVMK_d.o"
            }
        },
        "std": {
            "reYIK_d": {
                "mod": "std",
                "bytes": 33972,
                "mode": 4,
                "checksum": 0,
                "archive": "archive.12/_prev_archive_1.a",
                "out": "reYIK_d.o"
            }
        },
        "lq_ps_in_0000": {
            "gqQ8q_d": {
                "mod": "lq_ps_in_0000",
                "bytes": 318954,
                "mode": 4,
                "checksum": 0,
                "archive": "archive.12/_prev_archive_1.a",
                "out": "gqQ8q_d.o"
            }
        },
        "_vcs_unit__4293599388": {
            "PGa5H_d": {
                "mod": "_vcs_unit__4293599388",
                "bytes": 34710,
                "out": "PGa5H_d.o",
                "mode": 4,
                "checksum": 0,
                "archive": "archive.12/_prev_archive_1.a"
            }
        },
        "dcache_0000": {
            "Nmdq6_d": {
                "mod": "dcache_0000",
                "bytes": 72142,
                "mode": 4,
                "checksum": 0,
                "archive": "archive.12/_prev_archive_1.a",
                "out": "Nmdq6_d.o"
            }
        },
        "lq_wand_sel_0000": {
            "RCLGV_d": {
                "mod": "lq_wand_sel_0000",
                "bytes": 61820,
                "mode": 4,
                "checksum": 0,
                "archive": "archive.12/_prev_archive_1.a",
                "out": "RCLGV_d.o"
            }
        },
        "brcond": {
            "VqGv5_d": {
                "mod": "brcond",
                "bytes": 10732,
                "mode": 4,
                "checksum": 0,
                "archive": "archive.12/_prev_archive_1.a",
                "out": "VqGv5_d.o"
            }
        },