{
    "stat": {
        "ru_childs_end": {
            "ru_majflt": 4,
            "ru_utime_sec": 0.017662000000000001,
            "ru_nivcsw": 55,
            "ru_stime_sec": 0.046800000000000001,
            "ru_maxrss_kb": 47872,
            "ru_minflt": 7511,
            "ru_nvcsw": 32
        },
        "nQuads": 408456,
        "ru_self_cgstart": {
            "ru_majflt": 882,
            "ru_utime_sec": 2.3062559999999999,
            "ru_nivcsw": 184,
            "ru_stime_sec": 0.52582499999999999,
            "ru_maxrss_kb": 102324,
            "ru_minflt": 39276,
            "ru_nvcsw": 2481
        },
        "nMops": 1029681,
        "ru_childs_cgstart": {
            "ru_majflt": 4,
            "ru_utime_sec": 0.016410999999999999,
            "ru_nivcsw": 53,
            "ru_stime_sec": 0.040542000000000002,
            "ru_maxrss_kb": 47440,
            "ru_minflt": 6915,
            "ru_nvcsw": 30
        },
        "cpu_cycles_cgstart": 17009027984224124,
        "totalObjSize": 7002680,
        "mop/quad": 2.5209104530230917,
        "ru_self_end": {
            "ru_majflt": 926,
            "ru_utime_sec": 5.5763809999999996,
            "ru_nivcsw": 378,
            "ru_stime_sec": 0.90398900000000004,
            "ru_maxrss_kb": 123744,
            "ru_minflt": 52946,
            "ru_nvcsw": 3679
        },
        "realTime": 8.9870731830596924,
        "cpu_cycles_end": 17009036733128296,
        "mopSpeed": 314754.70872195682,
        "cpu_cycles_total": 18256491478,
        "quadSpeed": 124857.55229603693,
        "outputSizePerQuad": 17.144270129463148,
        "Frontend(%)": 41.520363715473771,
        "CodeGen(%)": 58.479636284526229,
        "peak_mem_kb": 283420
    },
    "PEModules": [],
    "cpu_cycles_pass2_start": 17009027982528962,
    "cycles_program_begin": 17009018476636818,
    "PrevCompiledModules": {
        "rob": {
            "vtxDx_d": {
                "bytes": 71732,
                "mod": "rob",
                "out": "vtxDx_d.o",
                "checksum": 0,
                "mode": 4,
                "archive": "archive.2/_30074_archive_1.a"
            }
        },
        "wand_sel_0000": {
            "hckDL_d": {
                "bytes": 242020,
                "mod": "wand_sel_0000",
                "checksum": 0,
                "mode": 4,
                "archive": "archive.2/_30074_archive_1.a",
                "out": "hckDL_d.o"
            }
        },
        "std": {
            "reYIK_d": {
                "bytes": 33972,
                "mod": "std",
                "checksum": 0,
                "mode": 4,
                "archive": "archive.2/_30074_archive_1.a",
                "out": "reYIK_d.o"
            }
        },
        "mem": {
            "FSbWZ_d": {
                "bytes": 42842,
                "mod": "mem",
                "checksum": 0,
                "mode": 4,
                "archive": "archive.2/_30074_archive_1.a",
                "out": "FSbWZ_d.o"
            }
        },
        "wand_sel_0001": {
            "ci1CE_d": {
                "bytes": 61816,
                "mod": "wand_sel_0001",
                "checksum": 0,
                "mode": 4,
                "archive": "archive.2/_30074_archive_1.a",
                "out": "ci1CE_d.o"
            }
        },
        "rs_psel_gen_0000": {
            "xjVMK_d": {
                "bytes": 40360,
                "mod": "rs_psel_gen_0000",
                "checksum": 0,
                "mode": 4,
                "archive": "archive.2/_30074_archive_1.a",
                "out": "xjVMK_d.o"
            }
        },
        "mult_stage": {
            "aUVMg_d": {
                "bytes": 17678,
                "mod": "mult_stage",
                "checksum": 0,
                "mode": 4,
                "archive": "archive.2/_30074_archive_1.a",
                "out": "aUVMg_d.o"
            }
        },
        "ar_wand_sel_0000": {
            "sYgZs_d": {
                "bytes": 61828,
                "mod": "ar_wand_sel_0000",
                "checksum": 0,
                "mode": 4,
                "archive": "archive.2/_30074_archive_1.a",
                "out": "sYgZs_d.o"
            }
        },
        "alu": {
            "C26kq_d": {
                "bytes": 44986,
                "mod": "alu",
                "checksum": 0,
                "mode": 4,
                "archive": "archive.2/_30074_archive_1.a",
                "out": "C26kq_d.o"
            }
        },
        "lq_wand_sel_0000": {
            "RCLGV_d": {
                "bytes": 61820,
                "mod": "lq_wand_sel_0000",
                "checksum": 0,
                "mode": 4,
                "archive": "archive.2/_30074_archive_1.a",
                "out": "RCLGV_d.o"
            }
        },
        "arbiter_rr_0000": {
            "Tjq5i_d": {
                "bytes": 38484,
                "mod": "arbiter_rr_0000",
                "checksum": 0,
                "mode": 4,
                "archive": "archive.2/_30074_archive_1.a",
                "out": "Tjq5i_d.o"
            }
        },
        "lq_ps_in_0000": {
            "gqQ8q_d": {
                "bytes": 357400,
                "mod": "lq_ps_in_0000",
                "checksum": 0,
                "mode": 4,
                "archive": "archive.2/_30074_archive_1.a",
                "out": "gqQ8q_d.o"
            }
        },
        "RS_Line_0000": {
            "Z4jCT_d": {
                "bytes": 29480,
                "mod": "RS_Line_0000",
                "checksum": 0,
                "mode": 4,
                "archive": "archive.2/_30074_archive_1.a",
                "out": "Z4jCT_d.o"
            }
        },
        "dcache_ctrl_0000": {
            "j2LDI_d": {
                "bytes": 1584244,
                "mod": "dcache_ctrl_0000",
                "checksum": 0,
                "mode": 4,
                "archive": "archive.2/_30074_archive_1.a",
                "out": "j2LDI_d.o"
            }
        },
        "testbench": {
            "iAVhC_d": {
                "bytes": 72868,
                "mod": "testbench",
                "checksum": 0,
                "mode": 4,
                "archive": "archive.2/_30074_archive_1.a",
                "out": "iAVhC_d.o"
            }
        },
        "store_queue_0000": {
            "fNfNe_d": {
                "bytes": 915020,
                "mod": "store_queue_0000",
                "checksum": 0,
                "mode": 4,
                "archive": "archive.2/_30074_archive_1.a",
                "out": "fNfNe_d.o"
            }
        },
        "ex_stage_0000": {
            "tmdK7_d": {
                "bytes": 37452,
                "mod": "ex_stage_0000",
                "checksum": 0,
                "mode": 4,
                "archive": "archive.2/_30074_archive_1.a",
                "out": "tmdK7_d.o"
            }
        },
        "_vcs_unit__4293599388": {
            "PGa5H_d": {
                "bytes": 34710,
                "mod": "_vcs_unit__4293599388",
                "out": "PGa5H_d.o",
                "checksum": 0,
                "mode": 4,
                "archive": "archive.2/_30074_archive_1.a"
            }
        },
        "...MASTER...": {
            "amcQw_d": {
                "bytes": 8022,
                "mod": "...MASTER...",
                "checksum": 0,
                "mode": 4,
                "out": "objs/amcQw_d.o"
            }
        },
        "brcond": {
            "VqGv5_d": {
                "bytes": 10732,
                "mod": "brcond",
                "checksum": 0,
                "mode": 4,
                "archive": "archive.2/_30074_archive_1.a",
                "out": "VqGv5_d.o"
            }
        },
        "dcache_0000": {
            "Nmdq6_d": {
                "bytes": 72142,
                "mod": "dcache_0000",
                "checksum": 0,
                "mode": 4,