{
    "cycles_program_begin": 5376055566177008,
    "MlibObjs": {},
    "stat": {
        "ru_self_end": {
            "ru_stime_sec": 0.42289900000000002,
            "ru_utime_sec": 3.6738170000000001,
            "ru_nivcsw": 162,
            "ru_minflt": 42446,
            "ru_maxrss_kb": 122796,
            "ru_majflt": 0,
            "ru_nvcsw": 1801
        },
        "ru_self_cgstart": {
            "ru_stime_sec": 0.33334599999999998,
            "ru_utime_sec": 2.3253940000000002,
            "ru_nivcsw": 95,
            "ru_minflt": 31778,
            "ru_maxrss_kb": 107708,
            "ru_majflt": 0,
            "ru_nvcsw": 1518
        },
        "nQuads": 242502,
        "ru_childs_cgstart": {
            "ru_stime_sec": 0.022623000000000001,
            "ru_utime_sec": 0.016289999999999999,
            "ru_nivcsw": 8,
            "ru_minflt": 6352,
            "ru_maxrss_kb": 52812,
            "ru_majflt": 0,
            "ru_nvcsw": 18
        },
        "cpu_cycles_cgstart": 5376062918528516,
        "nMops": 699892,
        "totalObjSize": 563564,
        "quadSpeed": 179704.85665969591,
        "ru_childs_end": {
            "ru_stime_sec": 0.027739,
            "ru_utime_sec": 0.017312999999999999,
            "ru_nivcsw": 10,
            "ru_minflt": 6950,
            "ru_maxrss_kb": 53176,
            "ru_majflt": 0,
            "ru_nvcsw": 20
        },
        "cpu_cycles_end": 5376066848868740,
        "cpu_cycles_total": 11282691732,
        "mopSpeed": 518651.35766825796,
        "mop/quad": 2.8861287741956767,
        "realTime": 5.1806201934814453,
        "outputSizePerQuad": 2.3239560910837849,
        "Frontend(%)": 63.440843318983617,
        "CodeGen(%)": 36.559156681016376,
        "peak_mem_kb": 274080
    },
    "perf": [
        [
            0.19120097160339355,
            0.087125999999999995,
            0.040135999999999998,
            228664,
            229316,
            1586818288.2072959,
            5376055898304664,
            "doParsingAndDesignResolution",
            "entry"
        ],
        [
            0.44794797897338867,
            0.27097100000000002,
            0.058347000000000003,
            246336,
            246984,
            1586818288.4640429,
            5376056461788984,
            "doParsingAndDesignResolution",
            "exit"
        ],
        [
            0.47208499908447266,
            0.27772999999999998,
            0.061277999999999999,
            246336,
            246984,
            1586818288.4881799,
            5376056514742118,
            "doPostDesignResolutionToVir2Vcs",
            "entry"
        ],
        [
            0.89266300201416016,
            0.58499999999999996,
            0.071753999999999998,
            251004,
            251008,
            1586818288.9087579,
            5376057437825650,
            "doUptoVir2VcsNoSepCleanup",
            "entry"
        ],
        [
            3.1928410530090332,
            2.218102,
            0.32174000000000003,
            268400,
            268420,
            1586818291.208936,
            5376062486369140,
            "doUptoVir2VcsNoSepCleanup",
            "exit"
        ],
        [
            3.1930570602416992,
            2.2182919999999999,
            0.32176700000000003,
            268400,
            268420,
            1586818291.209152,
            5376062486751440,
            "doRadify_vir2vcsAll",
            "entry"
        ],
        [
            3.3121011257171631,
            2.315026,
            0.32584800000000003,
            268400,
            268420,
            1586818291.328196,
            5376062748121230,
            "doRadify_vir2vcsAll",
            "exit"
        ],
        [
            3.3121931552886963,
            2.3151090000000001,
            0.32585900000000001,
            268400,
            268420,
            1586818291.3282881,
            5376062748237318,
            "doPostDesignResolutionToVir2Vcs",
            "exit"
        ],
        [
            3.3122420310974121,
            2.3151519999999999,
            0.32586500000000002,
            268400,
            268420,
            1586818291.328337,
            5376062748371558,
            "doGAToPass2",
            "entry"
        ],
        [
            3.3896400928497314,
            2.3252419999999998,
            0.33332400000000001,
            265284,
            268420,
            1586818291.405735,
            5376062918294172,
            "DoPass2",
            "entry"
        ],
        [
            5.1426160335540771,
            3.6664639999999999,
            0.40349099999999999,
            274052,
            274080,
            1586818293.158711,
            5376066765813278,
            "DoPass2",
            "exit"
        ]
    ],
    "PEModules": [],
    "PrevCompiledModules": {
        "mem": {
            "FSbWZ_d": {
                "bytes": 42842,
                "mod": "mem",
                "out": "FSbWZ_d.o",
                "mode": 4,
                "archive": "archive.8/_prev_archive_1.a",
                "checksum": 0
            }
        },
        "ar_wand_sel_0000": {
            "sYgZs_d": {
                "bytes": 61828,
                "mod": "ar_wand_sel_0000",
                "out": "sYgZs_d.o",
                "mode": 4,
                "archive": "archive.8/_prev_archive_1.a",
                "checksum": 0
            }
        },
        "rob": {
            "vtxDx_d": {
                "bytes": 70308,
                "mod": "rob",
                "out": "vtxDx_d.o",
                "mode": 4,
                "archive": "archive.8/_prev_archive_1.a",
                "checksum": 0
            }
        },
        "processor_0000": {
            "UzNI6_d": {
                "bytes": 429430,
                "mod": "processor_0000",
                "out": "UzNI6_d.o",
                "mode": 4,
                "archive": "archive.8/_9252_archive_1.a",
                "checksum": 0
            }
        },
        "testbench": {
            "iAVhC_d": {
                "bytes": 73412,
                "mod": "testbench",
                "out": "iAVhC_d.o",
                "mode": 4,
                "archive": "archive.8/_prev_archive_1.a",
                "checksum": 0
            }
        },
        "freelist_psel_gen_0000": {
            "L652r_d": {
                "bytes": 99778,
                "mod": "freelist_psel_gen_0000",
                "out": "L652r_d.o",
                "mode": 4,
                "archive": "archive.8/_prev_archive_1.a",
                "checksum": 0
            }
        },
        "mult_stage": {
            "aUVMg_d": {
                "bytes": 17678,
                "mod": "mult_stage",
                "out": "aUVMg_d.o",
                "mode": 4,
                "archive": "archive.8/_prev_archive_1.a",
                "checksum": 0
            }
        },
        "rs_psel_gen_0000": {
            "xjVMK_d": {
                "bytes": 40360,
                "mod": "rs_psel_gen_0000",
                "out": "xjVMK_d.o",
                "mode": 4,
                "archive": "archive.8/_prev_archive_1.a",
                "checksum": 0
            }
        },
        "_vcs_unit__4293599388": {
            "PGa5H_d": {
                "bytes": 34710,
                "mod": "_vcs_unit__4293599388",
                "out": "PGa5H_d.o",
                "mode": 4,
                "archive": "archive.8/_prev_archive_1.a",
                "checksum": 0
            }
        },
        "lq_ps_in_0000": {
            "gqQ8q_d": {
                "bytes": 318954,
                "mod": "lq_ps_in_0000",
                "out": "gqQ8q_d.o",
                "mode": 4,
                "archive": "archive.8/_prev_archive_1.a",
                "checksum": 0
            }
        },
        "std": {
            "reYIK_d": {
                "bytes": 33972,
                "mod": "std",