{
    "Modules": {
        "testbench": {
            "start_perf": [
                0.62438678741455078,
                0.14551600000000001,
                0.057360000000000001,
                283256,
                283280,
                1583273212.3873179,
                26920062057694
            ],
            "nQuads": 656,
            "child_modules": {
                "RS_0000": 1
            },
            "Compiled": "Yes",
            "nRouts": 93,
            "Compiled Times": 1,
            "end_perf": [
                0.63341784477233887,
                0.15454699999999999,
                0.057360000000000001,
                283256,
                283280,
                26920090913447,
                21474836481,
                0
            ],
            "nMops": 1525
        },
        "...MASTER...": {
            "start_perf": [
                0.53306198120117188,
                0.082808000000000007,
                0.047889000000000001,
                281292,
                282856,
                1583273212.2959931,
                26919770566896
            ],
            "nQuads": 0,
            "child_modules": {
                "std": 1,
                "testbench": 1,
                "_vcs_unit__773399399": 1
            },
            "end_perf": [
                0.54546499252319336,
                0.085233000000000003,
                0.050137000000000001,
                282276,
                282856,
                26919810163344,
                0,
                0
            ],
            "nMops": 0,
            "nRouts": 5
        },
        "RS_Line_0000": {
            "start_perf": [
                0.55959987640380859,
                0.090374999999999997,
                0.053818999999999999,
                283252,
                283276,
                1583273212.322531,
                26919855255178
            ],
            "nQuads": 664,
            "child_modules": {},
            "Compiled": "Yes",
            "nRouts": 60,
            "Compiled Times": 1,
            "end_perf": [
                0.57593488693237305,
                0.099220000000000003,
                0.055810999999999999,
                283256,
                283280,
                26919907435522,
                12884901889,
                0
            ],
            "nMops": 2174
        },
        "_vcs_unit__773399399": {
            "start_perf": [
                0.54555487632751465,
                0.085289000000000004,
                0.050169999999999999,
                282276,
                282856,
                1583273212.308486,
                26919810422539
            ],
            "nQuads": 0,
            "child_modules": {},
            "Compiled": "Yes",
            "nRouts": 5,
            "Compiled Times": 1,
            "end_perf": [
                0.55154681205749512,
                0.08616,
                0.051695999999999999,
                283252,
                283256,
                26919829610144,
                4294967297,
                0
            ],
            "nMops": 0
        },
        "std": {
            "start_perf": [
                0.55160689353942871,
                0.086198999999999998,
                0.051719000000000001,
                283252,
                283256,
                1583273212.314538,
                26919829738338
            ],
            "child_modules": {},
            "nQuads": 213,
            "Compiled": "Yes",
            "nRouts": 33,
            "Compiled Times": 1,
            "end_perf": [
                0.55948781967163086,
                0.090303999999999995,
                0.053776999999999998,
                283252,
                283276,
                26919855104850,
                8589934594,
                0
            ],
            "svclass": [
                "$vcs_nba_dyn_obj",
                385,
                37,
                2,
                2,
                0,
                "sigprop$$",
                385,
                37,
                2,
                2,
                0,
                "process",
                1645,
                184,
                8,
                8,
                0,
                "event",
                462,
                36,
                2,
                2,
                0,
                "mailbox",
                848,
                99,
                9,
                9,
                0,
                "semaphore",
                656,
                69,
                5,
                5,
                0
            ],
            "nMops": 462
        },
        "RS_0000": {
            "start_perf": [
                0.57598996162414551,
                0.099254999999999996,
                0.055830999999999999,
                283256,
                283280,
                1583273212.3389211,
                26919907569549
            ],
            "child_modules": {
                "RS_Line_0000": 16
            },
            "nQuads": 4256,
            "Compiled": "Yes",
            "nRouts": 315,
            "Compiled Times": 1,
            "significant_routs": [
                [
                    8,
                    "R_VCSgd_vG3v3_8",
                    15045486,
                    11980,
                    1987
                ],
                [
                    20,
                    "R_VCSgd_vG3v3_14",
                    12149893,
                    11127,
                    1602
                ]
            ],
            "end_perf": [
                0.62431597709655762,
                0.14544899999999999,
                0.057360000000000001,
                283256,
                283280,
                26920061915656,
                17179869185,
                0
            ],
            "nMops": 15823
        }
    },
    "reusePaths": {},
    "CompUnits": {
        "amcQw_d": {
            "mod": "...MASTER...",
            "out": "objs/amcQw_d.o",
            "bytes": 8022,
            "checksum": 0,
            "text": 474,
            "mode": 4
        },
        "Z4jCT_d": {
            "mod": "RS_Line_0000",
            "out": "Z4jCT_d.o",
            "archive": "archive.0/_9769_archive_1.a",
            "bytes": 27236,
            "checksum": 0,
            "text": 13816,
            "mode": 4
        },
        "tpLuY_d": {
            "mod": "_vcs_unit__773399399",
            "out": "tpLuY_d.o",
            "archive": "archive.0/_9769_archive_1.a",
            "bytes": 22992,
            "checksum": 0,
            "text": 220,
            "mode": 4
        },
        "reYIK_d": {
            "mod": "std",
            "cls": 4381,
            "out": "reYIK_d.o",
            "archive": "archive.0/_9769_archive_1.a",
            "bytes": 33060,
            "checksum": 0,
            "text": 4662,
            "mode": 4
        },
        "vG3v3_d": {
            "mod": "RS_0000",
            "out": "vG3v3_d.o",
            "archive": "archive.0/_9769_archive_1.a",
            "bytes": 129924,
            "checksum": 0,
            "text": 85180,
            "mode": 4
        },
        "iAVhC_d": {
            "mod": "testbench",
            "out": "iAVhC_d.o",
            "archive": "archive.0/_9769_archive_1.a",
            "bytes": 34740,
            "checksum": 0,
            "text": 10575,
            "mode": 4
        }
    },
    "stat": {
        "ru_self_end": {
            "ru_utime_sec": 0.159529,
            "ru_stime_sec": 0.064226000000000005,
            "ru_minflt": 28716,
            "ru_maxrss_kb": 91368,
            "ru_majflt": 210,
            "ru_nvcsw": 449,
            "ru_nivcsw": 6
        },
        "cpu_cycles_end": 26920196826786,
        "ru_childs_end": {
            "ru_utime_sec": 0.012603,
            "ru_stime_sec": 0.010121,
            "ru_minflt": 6323,
            "ru_maxrss_kb": 28128,
            "ru_majflt": 11,