{
    "Modules": {
        "...MASTER...": {
            "start_perf": [
                0.96619415283203125,
                0.43554799999999999,
                0.14150299999999999,
                247412,
                249248,
                1585774546.6391661,
                14486349554642450
            ],
            "nQuads": 0,
            "child_modules": {
                "std": 1,
                "testbench": 1,
                "_vcs_unit__1327612396": 1
            },
            "end_perf": [
                0.98385810852050781,
                0.43623299999999998,
                0.14807899999999999,
                247424,
                249248,
                14486349593445346,
                0,
                0
            ],
            "nMops": 0,
            "nRouts": 5
        },
        "processor_0000": {
            "Compiled Times": 6,
            "start_perf": [
                1.0899560451507568,
                0.50910599999999995,
                0.16769300000000001,
                249392,
                249416,
                1585774546.762928,
                14486349826270158
            ],
            "nQuads": 11254,
            "child_modules": {
                "RS_0000": 1,
                "rob": 1,
                "decoder": 3,
                "wand_sel_0000": 3,
                "ex_stage_0000": 1
            },
            "Compiled": "Yes",
            "end_perf": [
                1.15814208984375,
                0.57169300000000001,
                0.17150799999999999,
                249392,
                249416,
                14486349975995016,
                77309411329,
                0
            ],
            "nMops": 35270,
            "nRouts": 1001
        },
        "ex_stage_0000": {
            "Compiled Times": 6,
            "start_perf": [
                1.0587170124053955,
                0.48012100000000002,
                0.16573199999999999,
                249392,
                249396,
                1585774546.731689,
                14486349757711938
            ],
            "nQuads": 1158,
            "child_modules": {
                "brcond": 3,
                "alu": 3
            },
            "Compiled": "Yes",
            "significant_routs": [
                [
                    9,
                    "R_VCSgd_tmdK7_9",
                    11506688,
                    9307,
                    1695
                ]
            ],
            "end_perf": [
                1.0817019939422607,
                0.50210299999999997,
                0.16669800000000001,
                249392,
                249416,
                14486349808192890,
                38654705665,
                0
            ],
            "nMops": 4222,
            "nRouts": 40
        },
        "alu": {
            "Compiled Times": 6,
            "start_perf": [
                1.0296649932861328,
                0.46126299999999998,
                0.158779,
                247440,
                249248,
                1585774546.702637,
                14486349693941546
            ],
            "nQuads": 794,
            "child_modules": {
                "mult_stage": 4
            },
            "Compiled": "Yes",
            "end_perf": [
                1.0551600456237793,
                0.47950500000000001,
                0.16284999999999999,
                249392,
                249396,
                14486349749968620,
                30064771073,
                0
            ],
            "nMops": 3506,
            "nRouts": 89
        },
        "_vcs_unit__1327612396": {
            "Compiled Times": 6,
            "start_perf": [
                0.98401999473571777,
                0.43635499999999999,
                0.14812,
                247424,
                249248,
                1585774546.656992,
                14486349593760078
            ],
            "nQuads": 17,
            "child_modules": {},
            "Compiled": "Yes",
            "end_perf": [
                0.99495506286621094,
                0.43894,
                0.15101100000000001,
                247440,
                249248,
                14486349617792588,
                4294967297,
                0
            ],
            "nMops": 11,
            "nRouts": 9
        },
        "std": {
            "Compiled Times": 6,
            "start_perf": [
                0.99503397941589355,
                0.43899899999999997,
                0.151031,
                247440,
                249248,
                1585774546.6680059,
                14486349617931050
            ],
            "nQuads": 218,
            "child_modules": {},
            "Compiled": "Yes",
            "end_perf": [
                0.99976491928100586,
                0.44167800000000002,
                0.15292700000000001,
                247440,
                249248,
                14486349628361982,
                8589934594,
                0
            ],
            "svclass": [
                "$vcs_nba_dyn_obj",
                0,
                37,
                2,
                2,
                0,
                "sigprop$$",
                0,
                37,
                2,
                2,
                0,
                "process",
                0,
                184,
                8,
                8,
                0,
                "event",
                0,
                36,
                2,
                2,
                0,
                "mailbox",
                0,
                107,
                9,
                9,
                0,
                "semaphore",
                0,
                71,
                5,
                5,
                0
            ],
            "nMops": 472,
            "nRouts": 33
        },
        "mem": {
            "Compiled Times": 6,
            "start_perf": [
                0.99985504150390625,
                0.44174600000000003,
                0.15295,
                247440,
                249248,
                1585774546.672827,
                14486349628513610
            ],
            "nQuads": 476,
            "child_modules": {},
            "Compiled": "Yes",
            "end_perf": [
                1.0207250118255615,
                0.45330999999999999,
                0.157804,
                247440,
                249248,
                14486349674351988,
                12884901889,
                0
            ],
            "nMops": 1395,
            "nRouts": 54
        },
        "brcond": {
            "Compiled Times": 6,
            "start_perf": [
                1.0552570819854736,
                0.47957899999999998,
                0.16287499999999999,
                249392,
                249396,
                1585774546.728229,
                14486349750138470
            ],
            "nQuads": 111,
            "child_modules": {},
            "Compiled": "Yes",
            "end_perf": [
                1.0586380958557129,
                0.48006199999999999,
                0.165712,
                249392,
                249396,
                14486349757568580,
                34359738369,
                0
            ],
            "nMops": 250,
            "nRouts": 17
        },
        "wand_sel_0000": {
            "Compiled Times": 6,
            "start_perf": [
                1.198483943939209,
                0.60716099999999995,
                0.17633699999999999,
                249392,
                249416,
                1585774546.8714559,
                14486350064468478
            ],
            "nQuads": 7384,
            "child_modules": {},
            "Compiled": "Yes",