{
    "reusePaths": {
        "amcQw_d": {
            "icPath": "csrc"
        },
        "reYIK_d": {
            "icPath": "csrc"
        }
    },
    "Modules": {
        "...MASTER...": {
            "end_perf": [
                0.31873106956481934,
                0.110636,
                0.071763999999999994,
                232592,
                243716,
                13564575803953056,
                0,
                0
            ],
            "start_perf": [
                0.3052980899810791,
                0.107103,
                0.069066000000000002,
                231812,
                243716,
                1584832781.875874,
                13564575771735606
            ],
            "nQuads": 0,
            "child_modules": {
                "testbench": 1,
                "std": 1,
                "_vcs_unit__4215038817": 1
            },
            "nMops": 0,
            "nRouts": 5
        },
        "_vcs_unit__4215038817": {
            "end_perf": [
                0.32493114471435547,
                0.11268300000000001,
                0.074134000000000005,
                236592,
                243716,
                13564575818818608,
                4294967297,
                0
            ],
            "start_perf": [
                0.31893014907836914,
                0.110731,
                0.071825,
                232592,
                243716,
                1584832781.8895061,
                13564575804456537
            ],
            "nQuads": 0,
            "child_modules": {},
            "Compiled": "Yes",
            "Compiled Times": 2,
            "nMops": 0,
            "nRouts": 5
        },
        "testbench": {
            "end_perf": [
                0.37500309944152832,
                0.15417700000000001,
                0.082558999999999994,
                240780,
                243716,
                13564575938880066,
                25769803777,
                0
            ],
            "start_perf": [
                0.32894301414489746,
                0.115222,
                0.075587000000000001,
                236592,
                243716,
                1584832781.899519,
                13564575828403695
            ],
            "nQuads": 3324,
            "child_modules": {},
            "Compiled": "Yes",
            "Compiled Times": 18,
            "significant_routs": [
                [
                    29,
                    "R_VCSgd_iAVhC_1d",
                    6150166,
                    3278,
                    626
                ],
                [
                    31,
                    "R_VCSgd_iAVhC_1f",
                    4037805,
                    1744,
                    304
                ]
            ],
            "nMops": 11124,
            "nRouts": 157
        },
        "std": {
            "end_perf": [
                0.32884693145751953,
                0.115222,
                0.075490000000000002,
                236592,
                243716,
                13564575828256539,
                8589934594,
                0
            ],
            "start_perf": [
                0.32500314712524414,
                0.11272699999999999,
                0.074162000000000006,
                236592,
                243716,
                1584832781.8955791,
                13564575818960622
            ],
            "nQuads": 213,
            "child_modules": {},
            "Compiled": "Yes",
            "Compiled Times": 18,
            "nRouts": 33,
            "svclass": [
                "$vcs_nba_dyn_obj",
                0,
                37,
                2,
                2,
                0,
                "sigprop$$",
                0,
                37,
                2,
                2,
                0,
                "process",
                0,
                184,
                8,
                8,
                0,
                "event",
                0,
                36,
                2,
                2,
                0,
                "mailbox",
                0,
                99,
                9,
                9,
                0,
                "semaphore",
                0,
                69,
                5,
                5,
                0
            ],
            "nMops": 462
        }
    },
    "CompUnits": {
        "WST2U_d": {
            "out": "WST2U_d.o",
            "mod": "_vcs_unit__4215038817",
            "bytes": 22752,
            "archive": "archive.17/_11417_archive_1.a",
            "text": 205,
            "checksum": 0,
            "mode": 4
        },
        "iAVhC_d": {
            "out": "iAVhC_d.o",
            "mod": "testbench",
            "bytes": 62566,
            "archive": "archive.17/_11417_archive_1.a",
            "text": 32944,
            "checksum": 0,
            "mode": 4
        }
    },
    "ObjArchives": [
        {
            "archive": "archive.17/_11417_archive_1.a",
            "objects": [
                [
                    "WST2U_d.o",
                    22752
                ],
                [
                    "iAVhC_d.o",
                    62566
                ],
                [
                    "amcQwB.o",
                    66996
                ]
            ],
            "size": 152314
        }
    ],
    "stat": {
        "ru_self_end": {
            "ru_utime_sec": 0.158554,
            "ru_nvcsw": 218,
            "ru_stime_sec": 0.093326000000000006,
            "ru_maxrss_kb": 76680,
            "ru_minflt": 30401,
            "ru_nivcsw": 11,
            "ru_majflt": 0
        },
        "ru_childs_end": {
            "ru_utime_sec": 0.018394000000000001,
            "ru_nvcsw": 19,
            "ru_stime_sec": 0.020202999999999999,
            "ru_maxrss_kb": 17872,
            "ru_minflt": 6938,
            "ru_nivcsw": 9,
            "ru_majflt": 0
        },
        "cpu_cycles_end": 13564575999158718,
        "peak_mem_kb": 243716
    }
}