{
    "Modules": {
        "decoder": {
            "start_perf": [
                1.1784110069274902,
                0.50576900000000002,
                0.156859,
                249392,
                249416,
                1585772702.0505221,
                14482300997956992
            ],
            "nQuads": 416,
            "child_modules": {},
            "nRouts": 37,
            "Compiled Times": 20,
            "Compiled": "Yes",
            "end_perf": [
                1.1827609539031982,
                0.50899300000000003,
                0.15792800000000001,
                249392,
                249416,
                14482301007542744,
                51539607553,
                0
            ],
            "nMops": 1414
        },
        "...MASTER...": {
            "start_perf": [
                0.87124085426330566,
                0.43020700000000001,
                0.132165,
                247412,
                249248,
                1585772701.7433519,
                14482300323782540
            ],
            "nQuads": 0,
            "child_modules": {
                "std": 1,
                "testbench": 1,
                "_vcs_unit__1327612396": 1
            },
            "end_perf": [
                0.90334892272949219,
                0.43128899999999998,
                0.13709199999999999,
                247424,
                249248,
                14482300394331766,
                0,
                0
            ],
            "nMops": 0,
            "nRouts": 5
        },
        "alu": {
            "start_perf": [
                1.0744919776916504,
                0.46047199999999999,
                0.14980399999999999,
                249392,
                249396,
                1585772701.9466031,
                14482300769871006
            ],
            "nQuads": 790,
            "child_modules": {
                "mult_stage": 4
            },
            "nRouts": 88,
            "Compiled Times": 20,
            "Compiled": "Yes",
            "end_perf": [
                1.1086928844451904,
                0.48053699999999999,
                0.151112,
                249392,
                249416,
                14482300845007944,
                30064771073,
                0
            ],
            "nMops": 3491
        },
        "mult_stage": {
            "start_perf": [
                1.1828408241271973,
                0.50905500000000004,
                0.15794800000000001,
                249392,
                249416,
                1585772702.0549519,
                14482301007680140
            ],
            "nQuads": 283,
            "child_modules": {},
            "nRouts": 52,
            "Compiled Times": 20,
            "Compiled": "Yes",
            "end_perf": [
                1.1860029697418213,
                0.512181,
                0.15798100000000001,
                249392,
                249416,
                14482301014651846,
                68719476737,
                0
            ],
            "nMops": 860
        },
        "RS_0000": {
            "start_perf": [
                1.5857758522033691,
                0.71343000000000001,
                0.16828099999999999,
                249392,
                249416,
                1585772702.4578869,
                14482301892049500
            ],
            "nQuads": 2349,
            "child_modules": {
                "rs_psel_gen_0000": 2,
                "RS_Line_0000": 16
            },
            "nRouts": 178,
            "Compiled Times": 20,
            "Compiled": "Yes",
            "end_perf": [
                1.5996978282928467,
                0.726379,
                0.16925299999999999,
                249392,
                249416,
                14482301922646818,
                98784247809,
                0
            ],
            "nMops": 7508
        },
        "rob": {
            "start_perf": [
                1.5656058788299561,
                0.69592900000000002,
                0.165936,
                249392,
                249416,
                1585772702.437717,
                14482301847803372
            ],
            "nQuads": 1647,
            "child_modules": {},
            "nRouts": 72,
            "Compiled Times": 20,
            "Compiled": "Yes",
            "end_perf": [
                1.5796689987182617,
                0.70935000000000004,
                0.16625300000000001,
                249392,
                249416,
                14482301878700764,
                90194313217,
                0
            ],
            "nMops": 5500
        },
        "RS_Line_0000": {
            "start_perf": [
                1.5797598361968994,
                0.70942400000000005,
                0.166271,
                249392,
                249416,
                1585772702.4518709,
                14482301878848678
            ],
            "nQuads": 658,
            "child_modules": {},
            "nRouts": 66,
            "Compiled Times": 20,
            "Compiled": "Yes",
            "end_perf": [
                1.5856928825378418,
                0.71336200000000005,
                0.168264,
                249392,
                249416,
                14482301891913664,
                94489280513,
                0
            ],
            "nMops": 2056
        },
        "wand_sel_0001": {
            "start_perf": [
                1.6943979263305664,
                0.76678900000000005,
                0.172074,
                249392,
                249416,
                1585772702.566509,
                14482302130458900
            ],
            "nQuads": 1761,
            "child_modules": {},
            "nRouts": 123,
            "Compiled Times": 20,
            "Compiled": "Yes",
            "end_perf": [
                1.7046158313751221,
                0.775972,
                0.17310900000000001,
                249392,
                249416,
                14482302152944060,
                115964116993,
                0
            ],
            "nMops": 6994
        },
        "_vcs_unit__1327612396": {
            "start_perf": [
                0.9035499095916748,
                0.43144199999999999,
                0.13714000000000001,
                247424,
                249248,
                1585772701.775661,
                14482300394707004
            ],
            "nQuads": 34,
            "child_modules": {},
            "nRouts": 9,
            "Compiled Times": 20,
            "Compiled": "Yes",
            "end_perf": [
                0.99332880973815918,
                0.43821700000000002,
                0.140712,
                249392,
                249392,
                14482300591810110,
                4294967297,
                0
            ],
            "nMops": 22
        },
        "std": {
            "start_perf": [
                0.99344086647033691,
                0.438303,
                0.140739,
                249392,
                249392,
                1585772701.8655519,
                14482300591980840
            ],
            "child_modules": {},