{
    "Modules": {
        "psel_gen_0000": {
            "Compiled": "Yes",
            "start_perf": [
                0.45035600662231445,
                0.17621200000000001,
                0.087613999999999997,
                243568,
                245128,
                1584209124.502033,
                11050516528051224
            ],
            "nRouts": 67,
            "child_modules": {
                "wand_sel_0000": 3
            },
            "Compiled Times": 7,
            "nMops": 1825,
            "end_perf": [
                0.45517492294311523,
                0.18088000000000001,
                0.087613999999999997,
                243568,
                245128,
                11050516538671128,
                21474836481,
                0
            ],
            "nQuads": 468
        },
        "...MASTER...": {
            "start_perf": [
                0.39350008964538574,
                0.166742,
                0.077943999999999999,
                243552,
                245128,
                1584209124.4451771,
                11050516403270114
            ],
            "nRouts": 5,
            "child_modules": {
                "_vcs_unit__631861102": 1,
                "std": 1,
                "testbench": 1
            },
            "nMops": 0,
            "end_perf": [
                0.43524503707885742,
                0.168326,
                0.083670999999999995,
                243564,
                245128,
                11050516494913604,
                0,
                0
            ],
            "nQuads": 0
        },
        "_vcs_unit__631861102": {
            "Compiled": "Yes",
            "start_perf": [
                0.43544197082519531,
                0.168458,
                0.083736000000000005,
                243564,
                245128,
                1584209124.487119,
                11050516495321536
            ],
            "nRouts": 5,
            "child_modules": {},
            "Compiled Times": 7,
            "nMops": 0,
            "end_perf": [
                0.43748712539672852,
                0.16914599999999999,
                0.084572999999999995,
                243568,
                245128,
                11050516499820766,
                4294967297,
                0
            ],
            "nQuads": 0
        },
        "RS_Line_0000": {
            "Compiled": "Yes",
            "start_perf": [
                0.44106793403625488,
                0.16989699999999999,
                0.087403999999999996,
                243568,
                245128,
                1584209124.4927449,
                11050516507653536
            ],
            "nRouts": 48,
            "child_modules": {},
            "Compiled Times": 7,
            "nMops": 2130,
            "end_perf": [
                0.45028305053710938,
                0.17616299999999999,
                0.087589,
                243568,
                245128,
                11050516527917690,
                12884901889,
                0
            ],
            "nQuads": 600
        },
        "std": {
            "start_perf": [
                0.43755507469177246,
                0.16919300000000001,
                0.084596000000000005,
                243568,
                245128,
                1584209124.4892321,
                11050516499951266
            ],
            "Compiled": "Yes",
            "nRouts": 33,
            "child_modules": {},
            "Compiled Times": 7,
            "end_perf": [
                0.44099712371826172,
                0.16985,
                0.087378999999999998,
                243568,
                245128,
                11050516507519492,
                8589934594,
                0
            ],
            "nMops": 462,
            "svclass": [
                "$vcs_nba_dyn_obj",
                0,
                37,
                2,
                2,
                0,
                "sigprop$$",
                0,
                37,
                2,
                2,
                0,
                "process",
                0,
                184,
                8,
                8,
                0,
                "event",
                0,
                36,
                2,
                2,
                0,
                "mailbox",
                0,
                99,
                9,
                9,
                0,
                "semaphore",
                0,
                69,
                5,
                5,
                0
            ],
            "nQuads": 213
        },
        "testbench": {
            "significant_routs": [
                [
                    189,
                    "R_VCSgd_iAVhC_bd",
                    4720052,
                    2632,
                    522
                ],
                [
                    191,
                    "R_VCSgd_iAVhC_bf",
                    19452476,
                    11849,
                    1972
                ],
                [
                    196,
                    "R_VCSgd_iAVhC_c4",
                    4427802,
                    3068,
                    495
                ]
            ],
            "start_perf": [
                0.4595339298248291,
                0.18518599999999999,
                0.087667999999999996,
                243568,
                245128,
                1584209124.5112109,
                11050516548189308
            ],
            "Compiled": "Yes",
            "nRouts": 409,
            "child_modules": {
                "psel_gen_0000": 2,
                "RS_Line_0000": 16
            },
            "Compiled Times": 7,
            "end_perf": [
                0.54125809669494629,
                0.25495499999999999,
                0.097452999999999998,
                245524,
                245528,
                11050516727620694,
                30064771073,
                0
            ],
            "nMops": 13587,
            "nQuads": 4225
        },
        "wand_sel_0000": {
            "Compiled": "Yes",
            "start_perf": [
                0.45525598526000977,
                0.18096200000000001,
                0.087613999999999997,
                243568,
                245128,
                1584209124.506933,
                11050516538800680
            ],
            "nRouts": 31,
            "child_modules": {},
            "Compiled Times": 7,
            "nMops": 2080,
            "end_perf": [
                0.45946502685546875,
                0.185138,
                0.087645000000000001,
                243568,
                245128,
                11050516548063616,
                25769803777,
                0
            ],
            "nQuads": 632
        }
    },
    "CompUnits": {
        "iAVhC_d": {
            "text": 81349,
            "out": "iAVhC_d.o",
            "mod": "testbench",
            "bytes": 163194,
            "mode": 4,
            "archive": "archive.6/_27012_archive_1.a",
            "checksum": 0
        }
    },
    "reusePaths": {
        "amcQw_d": {
            "icPath": "csrc"
        },
        "YFeDw_d": {
            "icPath": "csrc"
        },
        "hckDL_d": {
            "icPath": "csrc"
        },
        "reYIK_d": {
            "icPath": "csrc"
        },
        "Z4jCT_d": {
            "icPath": "csrc"
        },
        "JbTwf_d": {
            "icPath": "csrc"
        }
    },
    "stat": {
        "ru_self_end": {
            "ru_utime_sec": 0.25664199999999998,
            "ru_stime_sec": 0.116566,
            "ru_maxrss_kb": 85380,
            "ru_majflt": 0,
            "ru_minflt": 32159,
            "ru_nvcsw": 323,
            "ru_nivcsw": 11
        },
        "ru_childs_end": {
            "ru_utime_sec": 0.016483999999999999,
            "ru_stime_sec": 0.029218999999999998,
            "ru_maxrss_kb": 22276,