{
    "Modules": {
        "RS_Line_0000": {
            "child_modules": {},
            "start_perf": [
                0.4208228588104248,
                0.16689399999999999,
                0.097936999999999996,
                245532,
                245556,
                1584140621.4877369,
                11905308022129896
            ],
            "Compiled Times": 1,
            "Compiled": "Yes",
            "nMops": 2240,
            "end_perf": [
                0.43870902061462402,
                0.17987400000000001,
                0.099930000000000005,
                245536,
                245560,
                11905308065033456,
                12884901889,
                0
            ],
            "nQuads": 681,
            "nRouts": 61
        },
        "std": {
            "start_perf": [
                0.41196799278259277,
                0.15993299999999999,
                0.096048999999999995,
                245532,
                245536,
                1584140621.4788821,
                11905308000915288
            ],
            "child_modules": {},
            "Compiled": "Yes",
            "Compiled Times": 1,
            "nMops": 462,
            "end_perf": [
                0.42075181007385254,
                0.166849,
                0.097910999999999998,
                245532,
                245556,
                11905308021992426,
                8589934594,
                0
            ],
            "svclass": [
                "$vcs_nba_dyn_obj",
                385,
                37,
                2,
                2,
                0,
                "sigprop$$",
                385,
                37,
                2,
                2,
                0,
                "process",
                1645,
                184,
                8,
                8,
                0,
                "event",
                462,
                36,
                2,
                2,
                0,
                "mailbox",
                848,
                99,
                9,
                9,
                0,
                "semaphore",
                656,
                69,
                5,
                5,
                0
            ],
            "nQuads": 213,
            "nRouts": 33
        },
        "...MASTER...": {
            "child_modules": {
                "_vcs_unit__631861102": 1,
                "std": 1,
                "testbench": 1
            },
            "start_perf": [
                0.3942408561706543,
                0.156329,
                0.087623000000000006,
                243568,
                245132,
                1584140621.4611549,
                11905307958428004
            ],
            "nMops": 0,
            "end_perf": [
                0.40533685684204102,
                0.15837100000000001,
                0.093628000000000003,
                244552,
                245132,
                11905307985119718,
                0,
                0
            ],
            "nQuads": 0,
            "nRouts": 5
        },
        "wand_sel_0000": {
            "start_perf": [
                0.45021486282348633,
                0.19135099999999999,
                0.099951999999999999,
                245536,
                245560,
                1584140621.5171289,
                11905308092589300
            ],
            "child_modules": {},
            "Compiled": "Yes",
            "Compiled Times": 1,
            "nMops": 2080,
            "significant_routs": [
                [
                    1,
                    "R_VCSgd_hckDL_1",
                    11656429,
                    8892,
                    1745
                ]
            ],
            "end_perf": [
                0.45927286148071289,
                0.19756699999999999,
                0.10277500000000001,
                245536,
                245560,
                11905308114352992,
                25769803777,
                0
            ],
            "nQuads": 632,
            "nRouts": 31
        },
        "_vcs_unit__631861102": {
            "child_modules": {},
            "start_perf": [
                0.40552902221679688,
                0.158501,
                0.093704999999999997,
                244552,
                245132,
                1584140621.4724431,
                11905307985485415
            ],
            "Compiled Times": 1,
            "Compiled": "Yes",
            "nMops": 0,
            "end_perf": [
                0.4118800163269043,
                0.15993299999999999,
                0.095960000000000004,
                245532,
                245536,
                11905308000774291,
                4294967297,
                0
            ],
            "nQuads": 0,
            "nRouts": 5
        },
        "psel_gen_0000": {
            "child_modules": {
                "wand_sel_0000": 3
            },
            "start_perf": [
                0.43877100944519043,
                0.17991499999999999,
                0.099951999999999999,
                245536,
                245560,
                1584140621.5056851,
                11905308065153342
            ],
            "Compiled Times": 1,
            "Compiled": "Yes",
            "nMops": 1825,
            "end_perf": [
                0.45015287399291992,
                0.19128899999999999,
                0.099951999999999999,
                245536,
                245560,
                11905308092468082,
                21474836481,
                0
            ],
            "nQuads": 468,
            "nRouts": 67
        },
        "testbench": {
            "start_perf": [
                0.45934581756591797,
                0.19761600000000001,
                0.1028,
                245536,
                245560,
                1584140621.5262599,
                11905308114478680
            ],
            "child_modules": {
                "psel_gen_0000": 2,
                "RS_Line_0000": 16
            },
            "Compiled": "Yes",
            "Compiled Times": 1,
            "nMops": 19637,
            "significant_routs": [
                [
                    152,
                    "R_VCSgd_iAVhC_98",
                    4887734,
                    2669,
                    522
                ],
                [
                    156,
                    "R_VCSgd_iAVhC_9c",
                    13582866,
                    9415,
                    1512
                ],
                [
                    163,
                    "R_VCSgd_iAVhC_a3",
                    4544098,
                    3652,
                    741
                ],
                [
                    170,
                    "R_VCSgd_iAVhC_aa",
                    11300868,
                    6524,
                    1124
                ]
            ],
            "end_perf": [
                0.55484199523925781,
                0.28981400000000002,
                0.105932,
                245536,
                245560,
                11905308343527530,
                30064771073,
                0
            ],
            "nQuads": 5705,
            "nRouts": 480
        }
    },
    "stat": {
        "ru_self_end": {
            "ru_nivcsw": 13,
            "ru_utime_sec": 0.29185,
            "ru_stime_sec": 0.12781000000000001,
            "ru_nvcsw": 308,
            "ru_maxrss_kb": 84480,
            "ru_minflt": 31864,
            "ru_majflt": 0
        },
        "ru_childs_end": {
            "ru_nivcsw": 6,
            "ru_utime_sec": 0.014801,
            "ru_stime_sec": 0.020941999999999999,
            "ru_nvcsw": 17,
            "ru_maxrss_kb": 21976,
            "ru_minflt": 6333,
            "ru_majflt": 0
        },
        "cpu_cycles_end": 11905308427978041,
        "peak_mem_kb": 245560
    },
    "reusePaths": {},