{
    "Modules": {
        "ex_stage_0000": {
            "nMops": 4222,
            "Compiled Times": 40,
            "start_perf": [
                0.94352507591247559,
                0.46136100000000002,
                0.12754699999999999,
                247440,
                249248,
                1585786057.809025,
                14511684053498368
            ],
            "child_modules": {
                "alu": 3,
                "brcond": 3
            },
            "Compiled": "Yes",
            "end_perf": [
                0.95153594017028809,
                0.46817900000000001,
                0.1285,
                247440,
                249248,
                14511684071108704,
                38654705665,
                0
            ],
            "nRouts": 40,
            "nQuads": 1158
        },
        "rs_psel_gen_0000": {
            "nMops": 4110,
            "Compiled Times": 40,
            "start_perf": [
                1.1877110004425049,
                0.67642199999999997,
                0.14057500000000001,
                249392,
                249396,
                1585786058.053211,
                14511684589471984
            ],
            "child_modules": {
                "wand_sel_0001": 3
            },
            "Compiled": "Yes",
            "end_perf": [
                1.1945340633392334,
                0.682365,
                0.141453,
                249392,
                249396,
                14511684604465610,
                111669149697,
                0
            ],
            "nRouts": 82,
            "nQuads": 979
        },
        "...MASTER...": {
            "nMops": 0,
            "start_perf": [
                0.85646295547485352,
                0.42644199999999999,
                0.11237999999999999,
                247412,
                249248,
                1585786057.7219629,
                14511683862420536
            ],
            "child_modules": {
                "std": 1,
                "_vcs_unit__1327612396": 1,
                "testbench": 1
            },
            "end_perf": [
                0.88027691841125488,
                0.426487,
                0.118857,
                247424,
                249248,
                14511683914722894,
                0,
                0
            ],
            "nRouts": 5,
            "nQuads": 0
        },
        "processor_0000": {
            "start_perf": [
                0.95827698707580566,
                0.47481800000000002,
                0.1285,
                247440,
                249248,
                1585786057.823777,
                14511684085877360
            ],
            "nMops": 36140,
            "Compiled Times": 40,
            "child_modules": {
                "rob": 1,
                "wand_sel_0000": 3,
                "ex_stage_0000": 1,
                "decoder": 3,
                "RS_0000": 1
            },
            "Compiled": "Yes",
            "significant_routs": [
                [
                    617,
                    "R_VCSgd_UzNI6_269",
                    15853348,
                    10185,
                    2010
                ]
            ],
            "end_perf": [
                1.1544201374053955,
                0.64679399999999998,
                0.13753099999999999,
                249392,
                249396,
                14511684516460030,
                77309411329,
                0
            ],
            "nRouts": 1003,
            "nQuads": 11464
        },
        "_vcs_unit__1327612396": {
            "nMops": 11,
            "Compiled Times": 40,
            "start_perf": [
                0.88047504425048828,
                0.42664299999999999,
                0.11890000000000001,
                247424,
                249248,
                1585786057.745975,
                14511683915123848
            ],
            "child_modules": {},
            "Compiled": "Yes",
            "end_perf": [
                0.90147709846496582,
                0.427311,
                0.123512,
                247440,
                249248,
                14511683961241626,
                4294967297,
                0
            ],
            "nRouts": 9,
            "nQuads": 17
        },
        "RS_Line_0000": {
            "nMops": 2038,
            "Compiled Times": 40,
            "start_perf": [
                1.1666791439056396,
                0.65778800000000004,
                0.13864099999999999,
                249392,
                249396,
                1585786058.0321791,
                14511684543282606
            ],
            "child_modules": {},
            "Compiled": "Yes",
            "end_perf": [
                1.1723530292510986,
                0.66250100000000001,
                0.13947300000000001,
                249392,
                249396,
                14511684555776560,
                94489280513,
                0
            ],
            "nRouts": 65,
            "nQuads": 645
        },
        "testbench": {
            "nMops": 3063,
            "Compiled Times": 40,
            "start_perf": [
                0.92538094520568848,
                0.44541900000000001,
                0.125554,
                247440,
                249248,
                1585786057.7908809,
                14511684013674672
            ],
            "child_modules": {
                "mem": 1,
                "processor_0000": 1
            },
            "Compiled": "Yes",
            "end_perf": [
                0.9341740608215332,
                0.45317200000000002,
                0.12648899999999999,
                247440,
                249248,
                14511684033006174,
                17179869185,
                0
            ],
            "nRouts": 115,
            "nQuads": 1015
        },
        "wand_sel_0000": {
            "nMops": 27088,
            "Compiled Times": 40,
            "start_perf": [
                1.1946320533752441,
                0.68246499999999999,
                0.141453,
                249392,
                249396,
                1585786058.060132,
                14511684604639658
            ],
            "child_modules": {},
            "Compiled": "Yes",
            "end_perf": [
                1.2303829193115234,
                0.715831,
                0.14336499999999999,
                249392,
                249396,
                14511684683156948,
                115964116993,
                0
            ],
            "nRouts": 602,
            "nQuads": 7384
        },
        "std": {
            "start_perf": [
                0.90155506134033203,
                0.427373,
                0.123529,
                247440,
                249248,
                1585786057.767055,
                14511683961381098
            ],
            "nMops": 472,
            "Compiled Times": 40,
            "child_modules": {},
            "svclass": [
                "$vcs_nba_dyn_obj",
                0,
                37,
                2,
                2,
                0,
                "sigprop$$",
                0,
                37,
                2,
                2,
                0,
                "process",
                0,
                184,
                8,
                8,
                0,
                "event",
                0,
                36,
                2,
                2,
                0,
                "mailbox",
                0,
                107,
                9,
                9,
                0,
                "semaphore",
                0,
                71,
                5,
                5,
                0
            ],
            "Compiled": "Yes",