{
    "Modules": {
        "mem": {
            "start_perf": [
                9.2851700782775879,
                0.42194799999999999,
                0.23078399999999999,
                249388,
                249392,
                1585713164.431807,
                15675029801795392
            ],
            "child_modules": {},
            "nRouts": 54,
            "Compiled Times": 8,
            "Compiled": "Yes",
            "nMops": 1395,
            "end_perf": [
                9.3089900016784668,
                0.43482300000000002,
                0.23375399999999999,
                249388,
                249392,
                15675029858955894,
                12884901889,
                0
            ],
            "nQuads": 476
        },
        "RS_0000": {
            "start_perf": [
                9.5897300243377686,
                0.65009799999999995,
                0.25375399999999998,
                249388,
                249412,
                1585713164.736367,
                15675030531904573
            ],
            "child_modules": {
                "rs_psel_gen_0000": 2,
                "RS_Line_0000": 16
            },
            "nRouts": 181,
            "Compiled Times": 8,
            "Compiled": "Yes",
            "nMops": 7577,
            "end_perf": [
                9.6042850017547607,
                0.66378800000000004,
                0.25461699999999998,
                249388,
                249412,
                15675030566857366,
                98784247809,
                0
            ],
            "nQuads": 2357
        },
        "...MASTER...": {
            "start_perf": [
                9.207690954208374,
                0.417516,
                0.214669,
                247408,
                249244,
                1585713164.3543279,
                15675029616099787
            ],
            "child_modules": {
                "std": 1,
                "_vcs_unit__1327612396": 1,
                "testbench": 1
            },
            "nMops": 0,
            "end_perf": [
                9.2341310977935791,
                0.41959099999999999,
                0.21926399999999999,
                247420,
                249244,
                15675029679475476,
                0,
                0
            ],
            "nQuads": 0,
            "nRouts": 5
        },
        "mult_stage": {
            "start_perf": [
                9.3365139961242676,
                0.45724700000000001,
                0.23852000000000001,
                249388,
                249392,
                1585713164.483151,
                15675029924875906
            ],
            "child_modules": {},
            "nRouts": 52,
            "Compiled Times": 8,
            "Compiled": "Yes",
            "nMops": 860,
            "end_perf": [
                9.3391320705413818,
                0.45899499999999999,
                0.23938899999999999,
                249388,
                249392,
                15675029931194758,
                68719476737,
                0
            ],
            "nQuads": 283
        },
        "testbench": {
            "start_perf": [
                9.3090641498565674,
                0.43482300000000002,
                0.23383000000000001,
                249388,
                249392,
                1585713164.4557011,
                15675029859075516
            ],
            "child_modules": {
                "mem": 1,
                "processor_0000": 1
            },
            "nRouts": 115,
            "Compiled Times": 8,
            "Compiled": "Yes",
            "nMops": 3046,
            "end_perf": [
                9.3177649974822998,
                0.44144600000000001,
                0.23557,
                249388,
                249392,
                15675029879958420,
                17179869185,
                0
            ],
            "nQuads": 1015
        },
        "RS_Line_0000": {
            "start_perf": [
                9.5845489501953125,
                0.64491699999999996,
                0.25375399999999998,
                249388,
                249412,
                1585713164.7311859,
                15675030519470836
            ],
            "child_modules": {},
            "nRouts": 66,
            "Compiled Times": 8,
            "Compiled": "Yes",
            "nMops": 2056,
            "end_perf": [
                9.5896501541137695,
                0.65001600000000004,
                0.25375399999999998,
                249388,
                249412,
                15675030531772570,
                94489280513,
                0
            ],
            "nQuads": 658
        },
        "_vcs_unit__1327612396": {
            "start_perf": [
                9.23427414894104,
                0.419686,
                0.21931300000000001,
                247420,
                249244,
                1585713164.3809111,
                15675029679792922
            ],
            "child_modules": {},
            "nRouts": 9,
            "Compiled Times": 8,
            "Compiled": "Yes",
            "nMops": 22,
            "end_perf": [
                9.27593994140625,
                0.42063299999999998,
                0.22718099999999999,
                249388,
                249388,
                15675029779746229,
                4294967297,
                0
            ],
            "nQuads": 34
        },
        "std": {
            "start_perf": [
                9.2760419845581055,
                0.42070000000000002,
                0.227217,
                249388,
                249388,
                1585713164.4226789,
                15675029779960396
            ],
            "child_modules": {},
            "Compiled": "Yes",
            "Compiled Times": 8,
            "end_perf": [
                9.2851021289825439,
                0.42190299999999997,
                0.23075899999999999,
                249388,
                249392,
                15675029801664416,
                8589934594,
                0
            ],
            "nMops": 472,
            "svclass": [
                "$vcs_nba_dyn_obj",
                0,
                37,
                2,
                2,
                0,
                "sigprop$$",
                0,
                37,
                2,
                2,
                0,
                "process",
                0,
                184,
                8,
                8,
                0,
                "event",
                0,
                36,
                2,
                2,
                0,
                "mailbox",
                0,
                107,
                9,
                9,
                0,
                "semaphore",
                0,
                71,
                5,
                5,
                0
            ],
            "nQuads": 218,
            "nRouts": 33
        },
        "rob": {
            "start_perf": [
                9.5730109214782715,
                0.63339400000000001,
                0.25375399999999998,
                249388,
                249412,
                1585713164.7196479,
                15675030491858881
            ],
            "child_modules": {},
            "nRouts": 81,
            "Compiled Times": 8,
            "Compiled": "Yes",
            "nMops": 5372,
            "end_perf": [
                9.5844860076904297,
                0.64485300000000001,
                0.25375399999999998,
                249388,
                249412,
                15675030519349222,
                90194313217,
                0
            ],
            "nQuads": 1653
        },