{
    "Modules": {
        "ex_stage_0000": {
            "nQuads": 1076,
            "start_perf": [
                2.6870830059051514,
                0.54921500000000001,
                0.121017,
                249392,
                249396,
                1585711009.2509749,
                2935348374797972
            ],
            "child_modules": {
                "brcond": 3,
                "alu": 3
            },
            "Compiled": "Yes",
            "end_perf": [
                2.6944000720977783,
                0.55472399999999999,
                0.122824,
                249392,
                249396,
                2935348390858778,
                38654705665,
                0
            ],
            "Compiled Times": 6,
            "nMops": 3865,
            "nRouts": 40
        },
        "mult_stage": {
            "nQuads": 283,
            "start_perf": [
                2.6985430717468262,
                0.55668300000000004,
                0.12482600000000001,
                249392,
                249396,
                1585711009.262435,
                2935348399916980
            ],
            "child_modules": {},
            "Compiled": "Yes",
            "end_perf": [
                2.7017440795898438,
                0.55884299999999998,
                0.125865,
                249392,
                249396,
                2935348406982062,
                68719476737,
                0
            ],
            "Compiled Times": 6,
            "nMops": 860,
            "nRouts": 52
        },
        "...MASTER...": {
            "nQuads": 0,
            "start_perf": [
                2.4822242259979248,
                0.49521100000000001,
                0.10507900000000001,
                247412,
                249248,
                1585711009.0461161,
                2935347925144172
            ],
            "child_modules": {
                "_vcs_unit__1327612396": 1,
                "std": 1,
                "testbench": 1
            },
            "end_perf": [
                2.5038912296295166,
                0.49864799999999998,
                0.108006,
                247424,
                249248,
                2935347972744812,
                0,
                0
            ],
            "nMops": 0,
            "nRouts": 5
        },
        "decoder": {
            "nQuads": 416,
            "start_perf": [
                2.6944730281829834,
                0.55478499999999997,
                0.122838,
                249392,
                249396,
                1585711009.2583649,
                2935348390984280
            ],
            "child_modules": {},
            "Compiled": "Yes",
            "end_perf": [
                2.6984670162200928,
                0.55662100000000003,
                0.12481200000000001,
                249392,
                249396,
                2935348399790942,
                51539607553,
                0
            ],
            "Compiled Times": 6,
            "nMops": 1414,
            "nRouts": 37
        },
        "brcond": {
            "nQuads": 111,
            "start_perf": [
                2.6848981380462646,
                0.54703599999999997,
                0.121017,
                249392,
                249396,
                1585711009.24879,
                2935348369969650
            ],
            "child_modules": {},
            "Compiled": "Yes",
            "end_perf": [
                2.687014102935791,
                0.54914499999999999,
                0.121017,
                249392,
                249396,
                2935348374644472,
                34359738369,
                0
            ],
            "Compiled Times": 6,
            "nMops": 250,
            "nRouts": 17
        },
        "std": {
            "nQuads": 218,
            "start_perf": [
                2.5256540775299072,
                0.49984099999999998,
                0.112085,
                247440,
                249248,
                1585711009.089546,
                2935348020454180
            ],
            "child_modules": {},
            "Compiled": "Yes",
            "end_perf": [
                2.5812280178070068,
                0.50429100000000004,
                0.112085,
                247440,
                249248,
                2935348142496254,
                8589934594,
                0
            ],
            "svclass": [
                "$vcs_nba_dyn_obj",
                0,
                37,
                2,
                2,
                0,
                "sigprop$$",
                0,
                37,
                2,
                2,
                0,
                "process",
                0,
                184,
                8,
                8,
                0,
                "event",
                0,
                36,
                2,
                2,
                0,
                "mailbox",
                0,
                107,
                9,
                9,
                0,
                "semaphore",
                0,
                71,
                5,
                5,
                0
            ],
            "Compiled Times": 6,
            "nMops": 472,
            "nRouts": 33
        },
        "_vcs_unit__1327612396": {
            "nQuads": 17,
            "start_perf": [
                2.5040781497955322,
                0.498803,
                0.10804,
                247424,
                249248,
                1585711009.06797,
                2935347973134022
            ],
            "child_modules": {},
            "Compiled": "Yes",
            "end_perf": [
                2.5255711078643799,
                0.49977199999999999,
                0.11207,
                247440,
                249248,
                2935348020320554,
                4294967297,
                0
            ],
            "Compiled Times": 6,
            "nMops": 11,
            "nRouts": 9
        },
        "RS_0000": {
            "nQuads": 2357,
            "start_perf": [
                2.9894781112670898,
                0.64191799999999999,
                0.130798,
                249392,
                249396,
                1585711009.55337,
                2935349038474638
            ],
            "child_modules": {
                "rs_psel_gen_0000": 2,
                "RS_Line_0000": 16
            },
            "Compiled": "Yes",
            "end_perf": [
                3.0044221878051758,
                0.65487300000000004,
                0.13278499999999999,
                249392,
                249396,
                2935349071326946,
                98784247809,
                0
            ],
            "Compiled Times": 6,
            "nMops": 7577,
            "nRouts": 181
        },
        "wand_sel_0001": {
            "nQuads": 1761,
            "start_perf": [
                3.1915252208709717,
                0.69960800000000001,
                0.133689,
                249392,
                249396,
                1585711009.7554171,
                2935349481935356
            ],
            "child_modules": {},
            "Compiled": "Yes",
            "end_perf": [
                3.2021651268005371,
                0.70930000000000004,
                0.134626,
                249392,
                249396,
                2935349505339654,
                115964116993,
                0
            ],
            "Compiled Times": 6,
            "nMops": 6994,
            "nRouts": 123
        },
        "rob": {
            "nQuads": 1653,
            "start_perf": [
                2.8989911079406738,
                0.62470000000000003,
                0.12997700000000001,
                249392,
                249396,
                1585711009.462883,
                2935348839870304
            ],