{
    "Modules": {
        "...MASTER...": {
            "start_perf": [
                0.81625795364379883,
                0.451544,
                0.12622700000000001,
                247412,
                249248,
                1585767144.0266509,
                14470102085553684
            ],
            "nQuads": 0,
            "child_modules": {
                "std": 1,
                "testbench": 1,
                "_vcs_unit__1327612396": 1
            },
            "end_perf": [
                0.83070611953735352,
                0.45284400000000002,
                0.131437,
                247424,
                249248,
                14470102117302652,
                0,
                0
            ],
            "nMops": 0,
            "nRouts": 5
        },
        "_vcs_unit__1327612396": {
            "Compiled": "Yes",
            "start_perf": [
                0.83091497421264648,
                0.45284400000000002,
                0.13164699999999999,
                247424,
                249248,
                1585767144.0413079,
                14470102117723226
            ],
            "nQuads": 17,
            "child_modules": {},
            "Compiled Times": 13,
            "end_perf": [
                0.84234404563903809,
                0.45549699999999999,
                0.13500000000000001,
                247440,
                249248,
                14470102142845368,
                4294967297,
                0
            ],
            "nMops": 11,
            "nRouts": 9
        },
        "mult_stage": {
            "Compiled": "Yes",
            "start_perf": [
                0.89483404159545898,
                0.498807,
                0.14222099999999999,
                247440,
                249248,
                1585767144.105227,
                14470102258030722
            ],
            "nQuads": 283,
            "child_modules": {},
            "Compiled Times": 13,
            "end_perf": [
                0.89768314361572266,
                0.49964700000000001,
                0.144228,
                247440,
                249248,
                14470102264303516,
                68719476737,
                0
            ],
            "nMops": 860,
            "nRouts": 52
        },
        "std": {
            "Compiled": "Yes",
            "svclass": [
                "$vcs_nba_dyn_obj",
                0,
                37,
                2,
                2,
                0,
                "sigprop$$",
                0,
                37,
                2,
                2,
                0,
                "process",
                0,
                184,
                8,
                8,
                0,
                "event",
                0,
                36,
                2,
                2,
                0,
                "mailbox",
                0,
                107,
                9,
                9,
                0,
                "semaphore",
                0,
                71,
                5,
                5,
                0
            ],
            "start_perf": [
                0.84242916107177734,
                0.455563,
                0.135019,
                247440,
                249248,
                1585767144.0528221,
                14470102142987344
            ],
            "nQuads": 218,
            "child_modules": {},
            "Compiled Times": 13,
            "end_perf": [
                0.84607315063476562,
                0.458285,
                0.13594000000000001,
                247440,
                249248,
                14470102151008608,
                8589934594,
                0
            ],
            "nMops": 472,
            "nRouts": 33
        },
        "processor_0000": {
            "Compiled": "Yes",
            "start_perf": [
                0.89776515960693359,
                0.49971199999999999,
                0.14424600000000001,
                247440,
                249248,
                1585767144.1081581,
                14470102264444744
            ],
            "nQuads": 20467,
            "child_modules": {
                "rob": 1,
                "decoder": 3,
                "wand_sel_0000": 3,
                "ex_stage_0000": 1,
                "RS_0000": 1
            },
            "Compiled Times": 13,
            "significant_routs": [
                [
                    617,
                    "R_VCSgd_UzNI6_269",
                    15230852,
                    10185,
                    1982
                ]
            ],
            "end_perf": [
                1.1109390258789062,
                0.70323199999999997,
                0.150473,
                249392,
                249396,
                14470102732390714,
                77309411329,
                0
            ],
            "nMops": 64601,
            "nRouts": 1001
        },
        "brcond": {
            "Compiled": "Yes",
            "start_perf": [
                0.88010311126708984,
                0.48819400000000002,
                0.139042,
                247440,
                249248,
                1585767144.0904961,
                14470102225669226
            ],
            "nQuads": 111,
            "child_modules": {},
            "Compiled Times": 13,
            "end_perf": [
                0.88302493095397949,
                0.48920000000000002,
                0.140065,
                247440,
                249248,
                14470102232115114,
                34359738369,
                0
            ],
            "nMops": 250,
            "nRouts": 17
        },
        "RS_0000": {
            "Compiled": "Yes",
            "start_perf": [
                1.1291601657867432,
                0.71941100000000002,
                0.152478,
                249392,
                249396,
                1585767144.3395531,
                14470102772313226
            ],
            "nQuads": 2357,
            "child_modules": {
                "rs_psel_gen_0000": 2,
                "RS_Line_0000": 16
            },
            "Compiled Times": 13,
            "end_perf": [
                1.1440441608428955,
                0.73332799999999998,
                0.153415,
                249392,
                249396,
                14470102805046086,
                98784247809,
                0
            ],
            "nMops": 7577,
            "nRouts": 181
        },
        "alu": {
            "Compiled": "Yes",
            "start_perf": [
                0.87267494201660156,
                0.48265599999999997,
                0.13716500000000001,
                247440,
                249248,
                1585767144.0830679,
                14470102209370584
            ],
            "nQuads": 802,
            "child_modules": {
                "mult_stage": 4
            },
            "Compiled Times": 13,
            "end_perf": [
                0.88002610206604004,
                0.48813200000000001,
                0.13902500000000001,
                247440,
                249248,
                14470102225533868,
                30064771073,
                0
            ],
            "nMops": 3550,
            "nRouts": 86
        },
        "mem": {
            "Compiled": "Yes",
            "start_perf": [
                0.84615206718444824,
                0.458347,
                0.135959,
                247440,
                249248,
                1585767144.056545,
                14470102151155738
            ],
            "nQuads": 476,
            "child_modules": {},
            "Compiled Times": 13,