{
    "Modules": {
        "brcond": {
            "nRouts": 17,
            "end_perf": [
                1.3039450645446777,
                0.55088599999999999,
                0.14690300000000001,
                247440,
                249248,
                14493752805237538,
                34359738369,
                0
            ],
            "start_perf": [
                1.3019299507141113,
                0.54887300000000006,
                0.146902,
                247440,
                249248,
                1585777919.679075,
                14493752800783590
            ],
            "child_modules": {},
            "Compiled Times": 14,
            "Compiled": "Yes",
            "nQuads": 111,
            "nMops": 250
        },
        "...MASTER...": {
            "nRouts": 5,
            "end_perf": [
                1.2473700046539307,
                0.51052799999999998,
                0.13896600000000001,
                247424,
                249248,
                14493752681087130,
                0,
                0
            ],
            "start_perf": [
                1.2279999256134033,
                0.50904199999999999,
                0.133906,
                247412,
                249248,
                1585777919.605145,
                14493752638523928
            ],
            "child_modules": {
                "_vcs_unit__1327612396": 1,
                "std": 1,
                "testbench": 1
            },
            "nQuads": 0,
            "nMops": 0
        },
        "std": {
            "end_perf": [
                1.2622900009155273,
                0.51575700000000002,
                0.14452999999999999,
                247440,
                249248,
                14493752713812754,
                8589934594,
                0
            ],
            "nRouts": 33,
            "start_perf": [
                1.2581448554992676,
                0.51432299999999997,
                0.141819,
                247440,
                249248,
                1585777919.6352899,
                14493752704675816
            ],
            "child_modules": {},
            "Compiled Times": 14,
            "Compiled": "Yes",
            "svclass": [
                "$vcs_nba_dyn_obj",
                0,
                37,
                2,
                2,
                0,
                "sigprop$$",
                0,
                37,
                2,
                2,
                0,
                "process",
                0,
                184,
                8,
                8,
                0,
                "event",
                0,
                36,
                2,
                2,
                0,
                "mailbox",
                0,
                107,
                9,
                9,
                0,
                "semaphore",
                0,
                71,
                5,
                5,
                0
            ],
            "nQuads": 218,
            "nMops": 472
        },
        "_vcs_unit__1327612396": {
            "nRouts": 9,
            "end_perf": [
                1.2580389976501465,
                0.51432299999999997,
                0.141711,
                247440,
                249248,
                14493752704524554,
                4294967297,
                0
            ],
            "start_perf": [
                1.2475829124450684,
                0.51069699999999996,
                0.139012,
                247424,
                249248,
                1585777919.624728,
                14493752681502746
            ],
            "child_modules": {},
            "Compiled Times": 14,
            "Compiled": "Yes",
            "nQuads": 17,
            "nMops": 11
        },
        "mem": {
            "nRouts": 54,
            "end_perf": [
                1.2841479778289795,
                0.53342299999999998,
                0.144758,
                247440,
                249248,
                14493752761800288,
                12884901889,
                0
            ],
            "start_perf": [
                1.2623779773712158,
                0.51582600000000001,
                0.14455000000000001,
                247440,
                249248,
                1585777919.639523,
                14493752713965666
            ],
            "child_modules": {},
            "Compiled Times": 14,
            "Compiled": "Yes",
            "nQuads": 476,
            "nMops": 1395
        },
        "RS_Line_0000": {
            "nRouts": 66,
            "end_perf": [
                1.6341838836669922,
                0.77748499999999998,
                0.163212,
                249392,
                249396,
                14493753530089790,
                94489280513,
                0
            ],
            "start_perf": [
                1.6277539730072021,
                0.77105599999999996,
                0.163212,
                249392,
                249396,
                1585777920.004899,
                14493753515913924
            ],
            "child_modules": {},
            "Compiled Times": 14,
            "Compiled": "Yes",
            "nQuads": 658,
            "nMops": 2056
        },
        "mult_stage": {
            "nRouts": 52,
            "end_perf": [
                1.3205728530883789,
                0.56646200000000002,
                0.147815,
                247440,
                249248,
                14493752841723466,
                68719476737,
                0
            ],
            "start_perf": [
                1.3168990612030029,
                0.56368399999999996,
                0.14692,
                247440,
                249248,
                1585777919.6940441,
                14493752833636464
            ],
            "child_modules": {},
            "Compiled Times": 14,
            "Compiled": "Yes",
            "nQuads": 283,
            "nMops": 860
        },
        "ex_stage_0000": {
            "nRouts": 40,
            "end_perf": [
                1.3127419948577881,
                0.55954199999999998,
                0.14692,
                247440,
                249248,
                14493752824544816,
                38654705665,
                0
            ],
            "start_perf": [
                1.3040249347686768,
                0.55095000000000005,
                0.14692,
                247440,
                249248,
                1585777919.68117,
                14493752805380390
            ],
            "child_modules": {
                "brcond": 3,
                "alu": 3
            },
            "Compiled Times": 14,
            "Compiled": "Yes",
            "nQuads": 1158,
            "nMops": 4222
        },
        "testbench": {
            "nRouts": 115,
            "end_perf": [
                1.2938249111175537,
                0.540879,
                0.14688100000000001,
                247440,
                249248,
                14493752783037840,
                17179869185,
                0
            ],
            "start_perf": [
                1.2842378616333008,
                0.53349500000000005,
                0.14477699999999999,
                247440,
                249248,
                1585777919.6613829,
                14493752761943508
            ],
            "child_modules": {
                "processor_0000": 1,
                "mem": 1
            },
            "Compiled Times": 14,
            "Compiled": "Yes",
            "nQuads": 1015,
            "nMops": 3063
        },
        "alu": {
            "nRouts": 89,